DROP TABLE t_asuransi;

CREATE TABLE `t_asuransi` (
  `id_asuransi` varchar(10) NOT NULL,
  `nama` varchar(50) NOT NULL,
  `alamat` varchar(50) NOT NULL,
  `no_telp` varchar(50) NOT NULL,
  `npwp` varchar(50) NOT NULL,
  PRIMARY KEY (`id_asuransi`)
) ENGINE=InnoDB DEFAULT CHARSET=latin1;

INSERT INTO t_asuransi VALUES("ALLIANZ","ASURANSI ALLIANZ UTAMA INDONESIA","JL GAJAH MADA NO.72 SEMARANG","0243556201","0");
INSERT INTO t_asuransi VALUES("AM","ASOKA MAS","JL BRIGJEND SUDIARTO NO 172 A, GAYAMSARI KOTA SEMA","(024) 76411203","");
INSERT INTO t_asuransi VALUES("ARTARINDO","ASURANSI ARTARINDO","JL MT. HARYONO NO. 573 SEMARANG","0248419883","0");
INSERT INTO t_asuransi VALUES("AXA","AXA INDONESIA","SEMARANG","02130059005","0");
INSERT INTO t_asuransi VALUES("BCA","BCA INSURANCE","Gedung BCA KCU Semarang, Jl. Pemuda No. 90-92 Sema","024.3568073","0");
INSERT INTO t_asuransi VALUES("BESS","BESS INSURANCE","Kaliwiru, Candisari, Semarang 50253","024 8501622","0");
INSERT INTO t_asuransi VALUES("PANPACIFIC","PAN PACIFIC","SEMARANG","02486454388","0");
INSERT INTO t_asuransi VALUES("RAKSA","ASURANSI RAKSA","Wisma BSG 3rd Floor, Jl. Abdul Muis No. 40, Jakart","0213859007","");
INSERT INTO t_asuransi VALUES("SM","SINARMAS","KANTOR CABANG SEMARANG RUKAN PEMUDA MAS BLOK A KAV","0243568138","0");
INSERT INTO t_asuransi VALUES("SOMPO","SOMPO","SEMARANG","0212500890","0");



DROP TABLE t_bank;

CREATE TABLE `t_bank` (
  `no_bukti` varchar(20) NOT NULL,
  `tgl_transaksi` timestamp NOT NULL DEFAULT '0000-00-00 00:00:00',
  `tipe_transaksi` varchar(20) NOT NULL,
  `diterima_dari` text NOT NULL,
  `via_bayar` enum('Transfer','Debit Card','Credit Card','') DEFAULT NULL,
  `fk_partner_bank` varchar(20) NOT NULL,
  `no_ref` varchar(20) NOT NULL,
  `total` double NOT NULL,
  `keterangan` text NOT NULL,
  `tgl_batal` timestamp NOT NULL DEFAULT '0000-00-00 00:00:00',
  `keterangan_batal` text NOT NULL,
  `tgl` timestamp NOT NULL DEFAULT CURRENT_TIMESTAMP,
  PRIMARY KEY (`no_bukti`)
) ENGINE=InnoDB DEFAULT CHARSET=latin1;

INSERT INTO t_bank VALUES("BM_BR.011018.000032","2018-10-01 00:00:00","Pelunasan","PT. MPM Rent","Transfer","","SI_BR.011018.000043","3639995","Invoice Daihatsu Granmax H 9174 VR","0000-00-00 00:00:00","","2018-10-01 16:01:32");
INSERT INTO t_bank VALUES("BM_BR.030918.000006","2018-09-03 00:00:00","Pelunasan","ASURANSI ARTARINDO","Transfer","","SI_BR.030918.000017","1124999.7","INVOICE HONDA JAZZ H 8682 RQ","0000-00-00 00:00:00","","2018-09-04 05:24:17");
INSERT INTO t_bank VALUES("BM_BR.030918.000007","2018-09-03 00:00:00","Pelunasan","ASURANSI AXA INDONESIA","Transfer","","SI_BR.030918.000018","1274998.7","INVOICE HONDA JAZZ H 8765 YF","0000-00-00 00:00:00","","2018-09-04 05:24:21");
INSERT INTO t_bank VALUES("BM_BR.050918.000008","2018-09-05 00:00:00","Pelunasan","IMAM KARSONO","Transfer","","SI_BR.050918.000020","1930000","INVOICE MITSUBISHI PAJERO SPORT H 7307 CF","0000-00-00 00:00:00","","2018-09-05 14:36:50");
INSERT INTO t_bank VALUES("BM_BR.080918.000009","2018-09-08 00:00:00","Pelunasan","FAISAL ROSSI / PT VAKSINDO SATWA","Transfer","","SI_BR.080918.000022","569998.8","INVOICE DAIHATSU TERIOS B 2041 SFJ","0000-00-00 00:00:00","","2018-09-08 10:33:14");
INSERT INTO t_bank VALUES("BM_BR.080918.000010","2018-09-08 00:00:00","Pelunasan","ENDANG PURWANTI","Transfer","","SI_BR.080918.000023","1324999.2","INVOICE HONDA MOBILIO K 8483 JL","0000-00-00 00:00:00","","2018-09-08 10:42:41");
INSERT INTO t_bank VALUES("BM_BR.080918.000011","2018-09-08 00:00:00","Pelunasan","DADI SUBUR","Transfer","","SI_BR.080918.000024","1449998.5","INVOICE HONDA BRIO H 9404 TG","0000-00-00 00:00:00","","2018-09-08 11:15:47");
INSERT INTO t_bank VALUES("BM_BR.120918.000012","2018-09-12 00:00:00","Pelunasan","PAN PACIFIC INSURANCE","Transfer","","SI_BR.120918.000009","2722496.9","INVOICE TOYOTA CALYA 1.2 G H 8965 SG","0000-00-00 00:00:00","","2018-09-12 13:18:15");
INSERT INTO t_bank VALUES("BM_BR.120918.000013","2018-09-12 00:00:00","Pelunasan","PAN PACIFIC INSURANCE","Transfer","","SI_BR.120918.000016","4731181.9","INVOICE HONDA BRIO H 8624 TG","0000-00-00 00:00:00","","2018-09-12 13:51:51");
INSERT INTO t_bank VALUES("BM_BR.120918.000014","2018-09-12 00:00:00","Pelunasan","ASURANSI AXA INDONESIA","Transfer","","SI_BR.120918.000017","1807496.3","INVOICE TOYOTA INNOVA H 8710 HD","0000-00-00 00:00:00","","2018-09-12 16:19:35");
INSERT INTO t_bank VALUES("BM_BR.120918.000015","2018-09-12 00:00:00","Pelunasan","PT MPM RENT","Transfer","","SI_BR.120918.000018","1169999.6","INVOICE TOYOTA AVANZA H 8740 AZ","0000-00-00 00:00:00","","2018-09-12 16:37:13");
INSERT INTO t_bank VALUES("BM_BR.120918.000016","2018-09-12 00:00:00","Pelunasan","PT MPM RENT","Transfer","","SI_BR.120918.000019","1149999.4","INVOICE TOYOTA AVANZA H 8905 ZZ","0000-00-00 00:00:00","","2018-09-12 16:48:52");
INSERT INTO t_bank VALUES("BM_BR.150918.000017","2018-09-15 00:00:00","Pelunasan","ASURANSI BCA","Transfer","","SI_BR.150918.000021","400000","INVOICE MITSUBISHI XPANDER H 9309 HR","0000-00-00 00:00:00","","2018-09-15 11:52:28");
INSERT INTO t_bank VALUES("BM_BR.150918.000018","2018-09-15 00:00:00","Pelunasan","ASURANSI BCA","Transfer","","SI_BR.150918.000022","390000","INVOICE MITSUBISHI XPANDER H 9309 HR","0000-00-00 00:00:00","","2018-09-15 12:05:39");
INSERT INTO t_bank VALUES("BM_BR.150918.000019","2018-09-15 00:00:00","Pelunasan","ASURANSI BCA","Transfer","","SI_BR.150918.000023","915000","INVOICE DAIHATSU SIGRA H 9044 SG","0000-00-00 00:00:00","","2018-09-15 12:29:31");
INSERT INTO t_bank VALUES("BM_BR.150918.000020","2018-09-15 00:00:00","Pelunasan","ASURANSI BESS","Transfer","","SI_BR.150918.000024","4535500","INVOICE HONDA BRIO H 9470 QL","0000-00-00 00:00:00","","2018-09-15 12:42:42");
INSERT INTO t_bank VALUES("BM_BR.150918.000021","2018-09-15 00:00:00","Pelunasan","PAN PACIFIC INSURANCE","Transfer","","SI_BR.150918.000025","2467500","INVOICE HONDA HRV H 9234 PZ","0000-00-00 00:00:00","","2018-09-15 12:59:02");
INSERT INTO t_bank VALUES("BM_BR.200918.000022","2018-09-20 00:00:00","Pelunasan","PT MPM RENT","Transfer","","SI_BR.200918.000026","5170000","INVOICE DAIHATSU GRANDMAX NO.POL H 1822 SZ","0000-00-00 00:00:00","","2018-09-20 12:38:42");
INSERT INTO t_bank VALUES("BM_BR.200918.000023","2018-09-20 00:00:00","Pelunasan","PT MPM RENT","Transfer","","SI_BR.200918.000027","1250000","INVOICE TOYOTA INNOVA H 8802 VG","0000-00-00 00:00:00","","2018-09-20 13:02:27");
INSERT INTO t_bank VALUES("BM_BR.200918.000024","2018-09-20 00:00:00","Pelunasan","PT ASURANSI ASOKA MAS","Transfer","","SI_BR.200918.000028","8606660","INVOICE HONDA CIVIC NO.POL H 8599 NR","0000-00-00 00:00:00","","2018-09-20 14:58:46");
INSERT INTO t_bank VALUES("BM_BR.200918.000025","2018-09-20 00:00:00","Pelunasan","PT ASURANSI ASOKA MAS","Transfer","","SI_BR.200918.000029","1527395","INVOICE HONDA MOBILIO H 8663 JP","0000-00-00 00:00:00","","2018-09-20 15:12:03");
INSERT INTO t_bank VALUES("BM_BR.250918.000026","2018-09-25 00:00:00","Pelunasan","ASURANSI RAKSA","Transfer","","SI_BR.250918.000034","1460000","INVOICE HONDA MOBILIO H 8755 VG","0000-00-00 00:00:00","","2018-09-25 09:13:37");
INSERT INTO t_bank VALUES("BM_BR.250918.000027","2018-09-25 00:00:00","Pelunasan","ASURANSI BESS","Transfer","","SI_BR.250918.000035","400000","INVOICE HONDA BRIO H 8997 UG","0000-00-00 00:00:00","","2018-09-25 09:48:51");
INSERT INTO t_bank VALUES("BM_BR.250918.000028","2018-09-25 00:00:00","Pelunasan","ASURANSI RAKSA","Transfer","","SI_BR.250918.000036","6735350","INVOICE HONDA HRV H 8956 BP","0000-00-00 00:00:00","","2018-09-25 10:03:10");
INSERT INTO t_bank VALUES("BM_BR.260918.000029","2018-09-26 00:00:00","Pelunasan","SDR PETRUS CHANDRA","Transfer","","SI_BR.260918.000038","2341801","INVOICE HONDA CRV H 80 NN","0000-00-00 00:00:00","","2018-09-26 08:57:16");
INSERT INTO t_bank VALUES("BM_BR.290818.000001","2018-08-29 00:00:00","Pelunasan","PAN PACIFIC INSURANCE","Transfer","","SI_BR.290818.000015","5031181.9","INVOICE MOBIL HONDA BRIO H 8624 TG","0000-00-00 00:00:00","","2018-09-04 05:24:17");
INSERT INTO t_bank VALUES("BM_BR.290818.000002","2018-08-29 00:00:00","Pelunasan","PAN PACIFIC INSURANCE","Transfer","","SI_BR.270818.000007","3984750","INVOICE TOYOTA CALYA 1.2 G","2018-09-08 11:39:02","terdapat kesalahan perhitungan","2018-09-04 05:24:17");
INSERT INTO t_bank VALUES("BM_BR.290818.000003","2018-08-29 00:00:00","Pelunasan","SOMPO INSURANCE","Transfer","","SI_BR.280818.000012","1749996.6","INVOICE HONDA JAZZ H 8740 TP","0000-00-00 00:00:00","","2018-09-04 05:24:17");
INSERT INTO t_bank VALUES("BM_BR.290818.000004","2018-08-29 00:00:00","Pelunasan","BCA INSURANCE","Transfer","","SI_BR.270818.000009","1116500","INVOICE NISSAN GRAND LIVINA K 9088 AL","0000-00-00 00:00:00","","2018-09-04 05:24:17");
INSERT INTO t_bank VALUES("BM_BR.290818.000005","2018-08-29 00:00:00","Pelunasan","PT ASURANSI ALLIANZ UTAMA INDONESIA","Transfer","","SI_BR.270818.000006","4183398.7","INVOICE HONDA HRV H 807 NH","0000-00-00 00:00:00","","2018-09-04 05:24:17");
INSERT INTO t_bank VALUES("BM_BR.290918.000030","2018-09-29 00:00:00","Pelunasan","ASURANSI BCA","Transfer","","SI_BR.290918.000041","1112075","INVOICE MITSUBISHI DELICA H 8781 NR","0000-00-00 00:00:00","","2018-09-29 12:59:06");
INSERT INTO t_bank VALUES("BM_BR.290918.000031","2018-09-29 00:00:00","Pelunasan","ASURANSI RAKSA","Transfer","","SI_BR.290918.000042","8777996","INVOICE DAIHATSU XENIA B 2279 TOF","0000-00-00 00:00:00","","2018-09-29 13:09:23");



DROP TABLE t_cash;

CREATE TABLE `t_cash` (
  `no_bukti` varchar(20) NOT NULL,
  `tgl_transaksi` timestamp NOT NULL DEFAULT '0000-00-00 00:00:00',
  `tipe_transaksi` varchar(20) NOT NULL,
  `diterima_dari` text NOT NULL,
  `no_ref` varchar(20) NOT NULL,
  `total` double NOT NULL,
  `keterangan` text NOT NULL,
  `tgl_batal` timestamp NOT NULL DEFAULT '0000-00-00 00:00:00',
  `keterangan_batal` text NOT NULL,
  `tgl` timestamp NOT NULL DEFAULT CURRENT_TIMESTAMP,
  PRIMARY KEY (`no_bukti`)
) ENGINE=InnoDB DEFAULT CHARSET=latin1;

INSERT INTO t_cash VALUES("KM_BR.050918.000016","2018-09-05 00:00:00","Pelunasan","KUS ARIS WICAKSONO","SI_BR.050918.000019","299999.7","INVOICE HONDA CITY H 711 NA","0000-00-00 00:00:00","","2018-09-05 14:17:37");
INSERT INTO t_cash VALUES("KM_BR.070918.000017","2018-09-07 00:00:00","Pelunasan","RATNA DWI MARDANI","SI_BR.070918.000021","299999.7","INVOICE HONDA BRIO H 9135 CW","0000-00-00 00:00:00","","2018-09-07 15:40:21");
INSERT INTO t_cash VALUES("KM_BR.140918.000018","2018-09-14 00:00:00","Pelunasan","SDR RENGGO","SI_BR.140918.000020","4000000","INVOICE APV PICK UP H 1730 LQ","0000-00-00 00:00:00","","2018-09-14 17:17:57");
INSERT INTO t_cash VALUES("KM_BR.150818.000001","2018-08-14 17:00:00","Pelunasan","ESTI SUWAJATI","SI_BR.150818.000003","350000.2","pembayaran salon interior","2018-08-15 07:32:38","salah penulisan penyerahan uang","2018-09-04 05:26:56");
INSERT INTO t_cash VALUES("KM_BR.150818.000002","2018-08-14 17:00:00","Pelunasan","ESTI SUWAJATI","SI_BR.150818.000002","299999.7","pembayaran poles bodi","2018-08-15 07:32:58","salah penulisan penyerahan uang","2018-09-04 05:26:56");
INSERT INTO t_cash VALUES("KM_BR.150818.000003","2018-08-14 17:00:00","Pelunasan","ESTI SUWAJATI","SI_BR.150818.000001","1000000.1","pembayaran body repair","2018-08-15 07:33:13","salah penulisan penyerahan uang","2018-09-04 05:26:56");
INSERT INTO t_cash VALUES("KM_BR.150818.000004","2018-08-14 17:00:00","Pelunasan","CHANDRA BUDIMAN","SI_BR.150818.000003","350000.2","PEMBAYARAN SALON INTERIOR","0000-00-00 00:00:00","","2018-09-04 05:26:56");
INSERT INTO t_cash VALUES("KM_BR.150818.000005","2018-08-14 17:00:00","Pelunasan","RIFQI ARDIANTO","SI_BR.150818.000002","299999.7","PEMBAYARAN POLES BODI","0000-00-00 00:00:00","","2018-09-04 05:26:56");
INSERT INTO t_cash VALUES("KM_BR.200918.000019","2018-09-20 00:00:00","Pelunasan","BPK FACHRUDIN","SI_BR.200918.000030","100000","INVOICE KENDARAAN TOYOTA INNOVA H 18 RI PERBAIKAN SOL BUMPER DEPAN","0000-00-00 00:00:00","","2018-09-20 16:12:49");
INSERT INTO t_cash VALUES("KM_BR.210818.000006","2018-08-20 17:00:00","Pelunasan","Bapak Fachrudin","SI_BR.150818.000001","1000000.1","","2018-08-21 03:00:39","kolom keterangan belum di isi","2018-09-04 05:26:56");
INSERT INTO t_cash VALUES("KM_BR.210818.000007","2018-08-20 17:00:00","Pelunasan","BPK FACHRUDIN","SI_BR.150818.000001","1000000.1","Pembayaran body repair","0000-00-00 00:00:00","","2018-09-04 05:26:56");
INSERT INTO t_cash VALUES("KM_BR.210818.000008","2018-08-20 17:00:00","Pelunasan","SDR AJI","SI_BR.210818.000004","399999.6","pembayaran salon exterior","0000-00-00 00:00:00","","2018-09-04 05:26:56");
INSERT INTO t_cash VALUES("KM_BR.210918.000020","2018-09-21 00:00:00","Pelunasan","SDR AJI","SI_BR.200918.000031","300000","INVOICE HONDA BRIO H 8453 HP","0000-00-00 00:00:00","","2018-09-21 10:27:25");
INSERT INTO t_cash VALUES("KM_BR.220918.000021","2018-09-22 00:00:00","Pelunasan","BPK FACHRUDIN","SI_BR.220918.000032","600000","INVOICE TOYOTA INNOVA H 9500 WG","0000-00-00 00:00:00","","2018-09-22 11:28:51");
INSERT INTO t_cash VALUES("KM_BR.220918.000022","2018-09-22 00:00:00","Pelunasan","BPK FACHRUDIN","SI_BR.220918.000033","1500000","INVOICE TOYOTA INNOVA H 777 DE","0000-00-00 00:00:00","","2018-09-22 11:37:31");
INSERT INTO t_cash VALUES("KM_BR.250818.000009","2018-08-25 00:00:00","Pelunasan","","SI_BR.250818.000005","599999.4","","2018-08-25 07:57:32","pada sistem belum di masukan keterangan pada diterima dari dan pembayaran untuk apa","2018-09-04 05:26:56");
INSERT INTO t_cash VALUES("KM_BR.250818.000010","2018-08-25 00:00:00","Pelunasan","SDR RATNA DWI MARDANI","SI_BR.250818.000005","600000","PEMBAYARAN BODY REPAIR KENDARAAN HONDA BRIO NO POL. H 9267 MG","0000-00-00 00:00:00","","2018-09-04 05:26:56");
INSERT INTO t_cash VALUES("KM_BR.250918.000023","2018-09-25 00:00:00","Pelunasan","SDR SODRI","SI_BR.250918.000037","3300000","INVOICE TOYOTA INNOVA H 8966 FQ","0000-00-00 00:00:00","","2018-09-25 16:04:24");
INSERT INTO t_cash VALUES("KM_BR.260918.000024","2018-09-26 00:00:00","Pelunasan","SDR AZIZ","SI_BR.260918.000039","300000","INVOICE MITSUBISHI PAJERO SPORT H 7266 HC","0000-00-00 00:00:00","","2018-09-26 14:47:49");
INSERT INTO t_cash VALUES("KM_BR.270918.000025","2018-09-27 00:00:00","Pelunasan","SDR ANDREAS","SI_BR.270918.000040","1000000","INVOICE TOYOTA RUSH H 8826 UP","0000-00-00 00:00:00","","2018-09-27 07:39:15");
INSERT INTO t_cash VALUES("KM_BR.280818.000011","2018-08-28 00:00:00","Pelunasan","SDR SAMUEL","SI_BR.270818.000011","499999.5","PEMBAYARAN BODY REPAIR BUMPER DEPAN HONDA MOBILIO L 1732 YK","0000-00-00 00:00:00","","2018-09-04 05:26:56");
INSERT INTO t_cash VALUES("KM_BR.280818.000012","2018-08-28 00:00:00","Pelunasan","MEGA RESINTA DEWI","SI_BR.270818.000010","299999.7","PEMBAYARAN BODR REPAIR TRPLANG KIRI KENDARAAN HONDA CIVIC H 36 AA","0000-00-00 00:00:00","","2018-09-04 05:26:56");
INSERT INTO t_cash VALUES("KM_BR.280818.000013","2018-08-28 00:00:00","Pelunasan","RACHMAWATI MAYASARI","SI_BR.280818.000013","599999.4","PEMBAYARAN BODY REPAIR PERBAIKAN BUMPER DEPAN DAN TRIPLANG KENDARAAN HYUNDAI I20 NO POL H 8475 RL","0000-00-00 00:00:00","","2018-09-04 05:26:56");
INSERT INTO t_cash VALUES("KM_BR.290818.000014","2018-08-29 00:00:00","Pelunasan","LUCAS HADI SAPUTRA","SI_BR.290818.000014","599999.4","PEMBAYARAN BODY REPAIR BUMPER DEPAN DAN BUMPER BELAKANG TOYOTA INNOVA H 9380 CH","0000-00-00 00:00:00","","2018-09-04 05:26:56");
INSERT INTO t_cash VALUES("KM_BR.300818.000015","2018-08-30 00:00:00","Pelunasan","ELEN PUSPITASARI","SI_BR.300818.000016","2499996.4","PEMBAYARAN BODY REPAIR KENDARAAN SUZUKI BALENO H 8055 DR","0000-00-00 00:00:00","","2018-09-04 05:28:56");



DROP TABLE t_customer;

CREATE TABLE `t_customer` (
  `id_customer` varchar(25) NOT NULL,
  `nama` varchar(50) NOT NULL,
  `jenis_kelamin` varchar(10) NOT NULL,
  `alamat` varchar(50) NOT NULL,
  `no_ktp` varchar(20) NOT NULL,
  `no_telp` varchar(20) NOT NULL,
  `email` varchar(50) NOT NULL,
  `tgl_customer` timestamp NOT NULL DEFAULT CURRENT_TIMESTAMP,
  PRIMARY KEY (`id_customer`)
) ENGINE=InnoDB DEFAULT CHARSET=latin1;

INSERT INTO t_customer VALUES("CUST_BR.011018.000043","PT CITRA SUKSES SEJATI","L","JL VETERAN NO.1-2 RT RW BENUA MELAYU DARAT PONTIAN","02.086.738.8-701.000","081390360665","","2018-10-01 13:21:34");
INSERT INTO t_customer VALUES("CUST_BR.030918.000019","IMAM KARSONO","L","JL MARGOSARI 44 RT 1/1 SIDOREJO SALATIGA","681014320210","082136039211","","2018-09-04 05:14:59");
INSERT INTO t_customer VALUES("CUST_BR.040918.000020","MA IRFAN RAHMANA","L","TEMBALANG PESONA ASRI BLOK R-7 RT 006/004 KRAMAS T","3374021804770004","082133809527","","2018-09-04 08:18:46");
INSERT INTO t_customer VALUES("CUST_BR.070918.000021","FAISAL ROSSI","L","JL CEMARA II/47-A RT 4/3 PADANGSARI SEMARANG","3275081710820037","082113245757","","2018-09-07 10:48:55");
INSERT INTO t_customer VALUES("CUST_BR.070918.000022","ENDANG PURWANTI","P","KARANG RANDU RT 2/3 PECANGAAN JEPARA","3320026505900001","0811277407","","2018-09-07 12:50:28");
INSERT INTO t_customer VALUES("CUST_BR.080918.000023","ENDANG PURWANTI","P","KARANG RANDU RT 2/3 PECANGAAN JEPARA","3320026505900001","0811277407","","2018-09-08 09:28:46");
INSERT INTO t_customer VALUES("CUST_BR.080918.000024","dadi subur","L","bukit mutiara jaya III Blok J-15 No 15 RT 5/28 Tem","3328150608830015","085876274446","","2018-09-08 09:58:41");
INSERT INTO t_customer VALUES("CUST_BR.080918.000025","PT MPM Rent","L","MPM RENT JL SEMERU SEMARANG","","081326789304","dwi.joko@mpm-rent.com","2018-09-08 14:25:59");
INSERT INTO t_customer VALUES("CUST_BR.080918.000026","CRISTIAN NUGROHO","L","DS Cepiring RT 4/1 Kec. Cepiring Kendal","840114330012","081904378500","","2018-09-08 14:31:55");
INSERT INTO t_customer VALUES("CUST_BR.090818.000001","CHANDRA BUDIMAN","L","Jl. KUALA MAS TIMUR 840 RT 004/013 KELURAHAN PANGG","3374031603760004","081325888157","bjs_chandra@yahoo.com","2018-09-04 05:13:59");
INSERT INTO t_customer VALUES("CUST_BR.100818.000002","RIFQI ARDIANTO","L","KEL. KALIBUNTUWETAN RT2/1 KEC. KOTA KENDAL KAB. KE","3324152808900001","085640973233","","2018-09-04 05:13:59");
INSERT INTO t_customer VALUES("CUST_BR.100818.000003","RATNA DWI MARDANI","P","JL. LEMPONGSARI I NO.441 RT 004/002 LEMPONGSARI GA","3374094609830003","081268126555","","2018-09-04 05:13:59");
INSERT INTO t_customer VALUES("CUST_BR.100818.000004","NOPI SUTJI HATI","P","Jl. Papandayan raya b.823 rt 6/5 Kel. gajah mungku","3374096911890001","081225126289","","2018-09-04 05:13:59");
INSERT INTO t_customer VALUES("CUST_BR.130918.000027","AGOESTINA WIDIYASTOETI, ST","P","JL KANFER RAYA BLOK U-11 RT 05/07 PADANGSARI BYMN ","3372401975000478","081325480888","","2018-09-13 11:17:47");
INSERT INTO t_customer VALUES("CUST_BR.130918.000028","PETRUS CHANDRA","L","PURI ANJASMORO BLO O1/18","","081228666682","","2018-09-13 11:21:17");
INSERT INTO t_customer VALUES("CUST_BR.130918.000029","SEM ANUGRAH TOBING","L","PERUM PURI DELTA ASRI 5 BLOK E-4 NO 8 RT 2/14 KABO","","085640836296","","2018-09-13 11:23:19");
INSERT INTO t_customer VALUES("CUST_BR.140818.000005","FACHRUDIN","L","SEMARANG","0","08164881148","","2018-09-04 05:13:59");
INSERT INTO t_customer VALUES("CUST_BR.140918.000030","TAHMIDA YUSTISIA AK.ARIF","L","JL BUKIT CEMPAKA RAYA C.102A RT 7 SENDANGMULYO TEM","3374085206700006","085640708227","","2018-09-14 13:24:32");
INSERT INTO t_customer VALUES("CUST_BR.140918.000031","SODRI","L","NASMOCO GOMBEL","-","08122875551","-","2018-09-14 15:16:50");
INSERT INTO t_customer VALUES("CUST_BR.160818.000006","HARLINA","P","PANDANGSARI NO 14 RT 7/3 BANYUMANIK SEMARANG","3374074402710002","08112877157","","2018-09-04 05:13:59");
INSERT INTO t_customer VALUES("CUST_BR.170918.000032","AJI","L","HONDA SRONDOL","-","085641888784","-","2018-09-17 09:20:29");
INSERT INTO t_customer VALUES("CUST_BR.180918.000033","SOETOMO S,SOS","L","PADEPOKAN GANESA II BLOK B/59 RT 11/09 GAYAMSARI S","3374040505660008","082133809527","","2018-09-18 08:27:57");
INSERT INTO t_customer VALUES("CUST_BR.190918.000034","SUKARDJO","L","DK TUNGGU RT 1/9 METESEH TEMBALANG SEMARANG","3374102701720003","082133809527","","2018-09-19 11:10:09");
INSERT INTO t_customer VALUES("CUST_BR.190918.000035","MARYONO","L","DUSUN MESU BOJA KENDAL RT 2/7 NGABEAN KEC.BOJA KEN","3324072001730003","085225667988","","2018-09-19 11:51:27");
INSERT INTO t_customer VALUES("CUST_BR.210818.000007","Aji","L","Vila Krista Ungaran Semarang","0","081225126289","0","2018-09-04 05:13:59");
INSERT INTO t_customer VALUES("CUST_BR.230818.000008","SAMUEL","L","SEMARANG","3303010198110001","08122800081","","2018-09-04 05:13:59");
INSERT INTO t_customer VALUES("CUST_BR.230818.000009","ELEN PUSPITASARI","P","JL ERLANGGA BRT I/8 RT 8/4 SMG","0","08122880107","","2018-09-04 05:13:59");
INSERT INTO t_customer VALUES("CUST_BR.230818.000010","NOOR HASLINDA","P","JL PERMATA 2 BLOK A.2/15 RT 15/8 BRINGIN NGALIYAN","3374024407750007","081215297662","","2018-09-04 05:13:59");
INSERT INTO t_customer VALUES("CUST_BR.230818.000011","MEGA RESINTA DEWI","L","PRIMA SLTN E-10/E CLUSTER EXECUTIVE GRAHA ESTETIKA","0","081225126289","0","2018-09-04 05:13:59");
INSERT INTO t_customer VALUES("CUST_BR.230818.000012","SHIDQI MUKHTAR","L","JL PARANG BARIS III NO.12 RT 2/15 TLOGOSARI KULON ","3374010303850004","085641052224","shidqimukhtar@gmail.com","2018-09-04 05:13:59");
INSERT INTO t_customer VALUES("CUST_BR.240918.000036","ANDREAS","L","JL KEMUNING IV/16 RT 4/4 SMG TGH","","087700517155","","2018-09-24 10:04:57");
INSERT INTO t_customer VALUES("CUST_BR.240918.000037","UTIK RULIYANTI","P","JL KYAI MOJO NO.17 RT 5/5 SRONDOL KULON BANYUMANIK","3374114910830002","082221383839","","2018-09-24 16:27:53");
INSERT INTO t_customer VALUES("CUST_BR.250918.000038","AZIZ","L","HONDA SRONDOL","-","085640708227","-","2018-09-25 13:45:34");
INSERT INTO t_customer VALUES("CUST_BR.270818.000013","RACHMAWATI MAYASARI","P","JL JATI RAYA NO 22 RT 4/1 KALIREJO UNGARAN TIMUR","","087736776000","mayasarirachmawati@yahoo.co.id","2018-09-04 05:13:59");
INSERT INTO t_customer VALUES("CUST_BR.280818.000014","LUCAS HADI SAPUTRA","L","JL SELO MAS TIMUR 479 RT 10 RW 12 PANGGUNG LOR SEM","521214210697","082220274350","0","2018-09-04 05:13:59");
INSERT INTO t_customer VALUES("CUST_BR.280918.000039","LINGGAR JATI","L","PERUMAHAN BERANDA BALI CLUSTER TAMAN KUTA NO A2 BS","","081228510723","","2018-09-28 13:14:21");
INSERT INTO t_customer VALUES("CUST_BR.280918.000040","AGUS TJAHJONO","L","GRIYA DEMPEL BARU A/17 RT 8/16 MUKTIHARJO KDL SEMA","701214211131","081542555530","","2018-09-28 16:46:32");
INSERT INTO t_customer VALUES("CUST_BR.280918.000041","DWI ADI PURNOMO","L","JL MENTRI SUPENO NO 11 RT 9/4 SMG SLT SMG","3374072712800002","08112774557","","2018-09-28 16:54:08");
INSERT INTO t_customer VALUES("CUST_BR.290818.000015","TUGIYO","L","JL KEPODANG SELATAN III/A 70 RT 1/14","3374111404680004","081350072416","","2018-09-04 05:13:59");
INSERT INTO t_customer VALUES("CUST_BR.290918.000042","Mohamad Syahfrudin","L","","","","","2018-09-29 11:35:50");
INSERT INTO t_customer VALUES("CUST_BR.300818.000016","RENGGO","L","JL NDOROWATI III SEMARANG","3373014508750003","081367744783","RENGGO86@Gmail.com","2018-09-04 05:13:59");
INSERT INTO t_customer VALUES("CUST_BR.310818.000017","KUS ARIS WICAKSONO","L","JL DEWI SARTIKA III / 14-16 KEL. SUKOREJO KEC. GUN","3374091903830001","081328377999","","2018-09-04 05:13:59");
INSERT INTO t_customer VALUES("CUST_BR.310818.000018","BRILLVALAROMA HAREFA","L","JL TAMBAK II NO 15 KOMP POL RT 008/005 PEGANGSAAN ","82021205970583","08122859948","","2018-09-04 05:13:59");



DROP TABLE t_estimasi;

CREATE TABLE `t_estimasi` (
  `id_estimasi` varchar(50) NOT NULL,
  `tgl` timestamp NOT NULL DEFAULT CURRENT_TIMESTAMP,
  `kategori` varchar(10) NOT NULL,
  `fk_no_chasis` varchar(50) NOT NULL,
  `fk_no_mesin` varchar(50) NOT NULL,
  `fk_no_polisi` varchar(50) NOT NULL,
  `fk_customer` varchar(50) NOT NULL,
  `fk_asuransi` varchar(50) NOT NULL,
  `km_masuk` varchar(50) NOT NULL,
  `fk_user` varchar(50) NOT NULL,
  `total_gross_harga_panel` double NOT NULL,
  `total_diskon_rupiah_panel` double NOT NULL,
  `total_netto_harga_panel` double NOT NULL,
  `total_gross_harga_part` double NOT NULL,
  `total_diskon_rupiah_part` double NOT NULL,
  `total_netto_harga_part` double NOT NULL,
  `total_gross_harga_jasa` double NOT NULL,
  `total_diskon_rupiah_jasa` double NOT NULL,
  `total_netto_harga_jasa` double NOT NULL,
  `tgl_batal` timestamp NULL DEFAULT '0000-00-00 00:00:00',
  `tgl_estimasi_selesai` date NOT NULL,
  `approved` enum('0','1') DEFAULT '0',
  PRIMARY KEY (`id_estimasi`)
) ENGINE=InnoDB DEFAULT CHARSET=latin1;

INSERT INTO t_estimasi VALUES("EST_BR.011018.000061","2018-10-01 13:29:56","Pribadi","MHKS6DJ2JH1007299","1KRA421746","B 1326 COQ","CUST_BR.011018.000043","","46142","admin","409090","0","409090","0","0","0","409090","0","409090","0000-00-00 00:00:00","2018-10-03","1");
INSERT INTO t_estimasi VALUES("EST_BR.030918.000022","2018-09-04 08:14:55","Asuransi","MHMBGUKR10GH027520","4N15UAT2983","H 7307 CF","CUST_BR.030918.000019","RAKSA","36063","admin","2300000","0","2300000","0","0","0","2300000","0","2300000","0000-00-00 00:00:00","2018-09-05","1");
INSERT INTO t_estimasi VALUES("EST_BR.040918.000023","2018-09-04 08:55:09","Pribadi","MRHGM25609P920551","9RS0MN7","H 711 NA","CUST_BR.310818.000017","","101719","admin","272727","0","272727","0","0","0","272727","0","272727","0000-00-00 00:00:00","2018-09-06","1");
INSERT INTO t_estimasi VALUES("EST_BR.040918.000024","2018-09-04 10:46:33","Asuransi","MHRDD4850HJ706273","LI5Z13627859","H 8755 VG","CUST_BR.040918.000020","RAKSA","15175","admin","1600000","0","1600000","0","0","0","1600000","0","1600000","0000-00-00 00:00:00","2018-09-06","1");
INSERT INTO t_estimasi VALUES("EST_BR.060918.000025","2018-09-06 07:45:28","Pribadi","MHRDD1770FJ553838","L12B31454022","H 9135 CW","CUST_BR.100818.000003","","46059","admin","272727","0","272727","0","0","0","272727","0","272727","0000-00-00 00:00:00","2018-09-08","1");
INSERT INTO t_estimasi VALUES("EST_BR.070918.000026","2018-09-07 10:55:53","Asuransi","MHKG2CJ1JFK028551","337DF6702","B 2041 SFJ","CUST_BR.070918.000021","PANPACIFIC","66840","admin","790908","0","790908","0","0","0","790908","0","790908","0000-00-00 00:00:00","2018-09-08","1");
INSERT INTO t_estimasi VALUES("EST_BR.080918.000027","2018-09-08 09:50:16","Asuransi","MHRDD4730H3706476","L15z13632596","K 8483 JL","CUST_BR.070918.000022","PANPACIFIC","8181","admin","1477272","0","1477272","0","0","0","1477272","0","1477272","0000-00-00 00:00:00","2018-09-10","1");
INSERT INTO t_estimasi VALUES("EST_BR.080918.000028","2018-09-08 10:05:50","Asuransi","MHRDD1750GJ713115","L12B31830756","H 9404 TG","CUST_BR.080918.000024","BESS","8510","admin","1863635","0","1863635","0","0","0","1863635","0","1863635","0000-00-00 00:00:00","2018-09-08","1");
INSERT INTO t_estimasi VALUES("EST_BR.080918.000029","2018-09-08 14:37:09","Asuransi","MHFXW42G792144729","1TR6802389","H 8710 HD","CUST_BR.080918.000026","AXA","121954","admin","1799997","0","1799997","388636","0","388636","2188633","0","2188633","0000-00-00 00:00:00","2018-09-10","1");
INSERT INTO t_estimasi VALUES("EST_BR.080918.000030","2018-09-08 15:04:19","Pribadi","MHKM1BA3JDJ033056","MC24108","H 8740 AZ","CUST_BR.080918.000025","","113683","admin","772727","0","772727","290909","0","290909","1063636","0","1063636","0000-00-00 00:00:00","2018-09-12","1");
INSERT INTO t_estimasi VALUES("EST_BR.080918.000031","2018-09-08 15:32:33","Pribadi","MHKB3BA1JFK034248","K3MG56962","H 1822 SZ","CUST_BR.080918.000025","","154155","admin","3363637","0","3363637","1336363","0","1336363","4700000","0","4700000","0000-00-00 00:00:00","2018-09-17","1");
INSERT INTO t_estimasi VALUES("EST_BR.080918.000032","2018-09-08 15:52:43","Pribadi","MHKM5EA2JGK015226","1NRF197567","H 8905 ZZ","CUST_BR.080918.000025","","32642","admin","1045454","0","1045454","0","0","0","1045454","0","1045454","0000-00-00 00:00:00","2018-09-12","1");
INSERT INTO t_estimasi VALUES("EST_BR.100818.000001","2018-08-24 14:04:52","Pribadi","MHKV5EA1JGK008233","1NRF149984","H 9234 CP","CUST_BR.090818.000001","","60482","admin","318182","0","318182","0","0","0","318182","0","318182","0000-00-00 00:00:00","2018-08-13","1");
INSERT INTO t_estimasi VALUES("EST_BR.120918.000033","2018-09-12 12:34:18","Asuransi","MHKA6GK6JHJ026520","3NRH145171","H 8965 SG","CUST_BR.160818.000006","PANPACIFIC","31508","admin","3293179","0","3293179","0","0","0","3293179","0","3293179","0000-00-00 00:00:00","2018-09-13","1");
INSERT INTO t_estimasi VALUES("EST_BR.120918.000034","2018-09-12 13:29:19","Asuransi","MHRDD1730HJ701262","L12B31869392","H 8624 TG","CUST_BR.290818.000015","PANPACIFIC","42252","admin","1295454","0","1295454","3551075","0","3551075","4846529","0","4846529","0000-00-00 00:00:00","2018-09-13","1");
INSERT INTO t_estimasi VALUES("EST_BR.120918.000035","2018-09-12 15:31:10","Asuransi","MHFXW42G792144729","1TR6802389","H 8710 HD","CUST_BR.080918.000026","AXA","121954","admin","1799997","0","1799997","388636","0","388636","2188633","0","2188633","0000-00-00 00:00:00","2018-09-13","1");
INSERT INTO t_estimasi VALUES("EST_BR.130818.000002","2018-08-24 14:04:55","Pribadi","MHBG3CG1FEJ032963","HR15722935T","K 9088 AL","CUST_BR.100818.000002","","29184","admin","272727","0","272727","0","0","0","272727","0","272727","0000-00-00 00:00:00","2018-08-15","1");
INSERT INTO t_estimasi VALUES("EST_BR.130918.000036","2018-09-13 11:27:59","Asuransi","MHRDD1750JJ705784","L12B31907153","H 9470 QL","CUST_BR.130918.000029","BESS","10514","admin","477272","0","477272","3918637","0","3918637","4395909","0","4395909","0000-00-00 00:00:00","2018-09-15","1");
INSERT INTO t_estimasi VALUES("EST_BR.130918.000037","2018-09-13 12:32:34","Pribadi","MHRRE3850AJ007209","K24Z14827179","H 80 NN","CUST_BR.130918.000028","","58467","admin","1090910","0","1090910","1038000","0","1038000","2128910","0","2128910","0000-00-00 00:00:00","2018-09-18","1");
INSERT INTO t_estimasi VALUES("EST_BR.130918.000038","2018-09-13 12:33:59","Asuransi","MK2NCWTARJJ005722","4A91DA8726","H 9309 HR","CUST_BR.130918.000027","BCA","8148","admin","636363","0","636363","0","0","0","636363","0","636363","0000-00-00 00:00:00","2018-09-15","1");
INSERT INTO t_estimasi VALUES("EST_BR.130918.000039","2018-09-13 14:54:07","Pribadi","MHFAB3EM0J0007953","2GDFTV2393","H 777 DE","CUST_BR.140818.000005","","11499","admin","1363636","0","1363636","0","0","0","1363636","0","1363636","0000-00-00 00:00:00","2018-09-18","1");
INSERT INTO t_estimasi VALUES("EST_BR.140818.000003","2018-08-25 10:52:33","Asuransi","MHRDD1850HJ703426","L12B31845821","H 9267 MG","CUST_BR.100818.000003","SM","32857","admin","3016000","0","3016000","0","0","0","3016000","0","3016000","2018-08-25 10:52:33","2018-08-20","0");
INSERT INTO t_estimasi VALUES("EST_BR.140818.000004","2018-08-24 14:04:11","Pribadi","MHFE2CK3JBK013404","3SZ-DCG4656","H 8542 CH","CUST_BR.140818.000005","","85000","admin","909091","0","909091","0","0","0","909091","0","909091","0000-00-00 00:00:00","2018-08-14","1");
INSERT INTO t_estimasi VALUES("EST_BR.140918.000040","2018-09-14 13:29:54","Asuransi","MHRRU1830FJ402170","L15Z61021108","H 9234 PZ","CUST_BR.140918.000030","PANPACIFIC","69057","admin","3334089","0","3334089","0","0","0","3334089","0","3334089","0000-00-00 00:00:00","2018-09-17","1");
INSERT INTO t_estimasi VALUES("EST_BR.140918.000041","2018-09-14 15:27:29","Pribadi","MHFXW43G7C1064146","1TR7267699","H 8966 FQ","CUST_BR.140918.000031","","104747","admin","2999996","0","2999996","0","0","0","2999996","0","2999996","0000-00-00 00:00:00","2018-09-19","1");
INSERT INTO t_estimasi VALUES("EST_BR.140918.000042","2018-09-14 16:40:48","Asuransi","MHKS5GJ6JHJ023170","3NRH142230","H 9044 SG","CUST_BR.090818.000001","BCA","29869","admin","1104544","0","1104544","0","0","0","1104544","0","1104544","0000-00-00 00:00:00","2018-09-17","1");
INSERT INTO t_estimasi VALUES("EST_BR.140918.000043","2018-09-14 16:57:37","Asuransi","MK2NCWTARJJ005722","4A91DA8726","H 9309 HR","CUST_BR.130918.000027","BCA","8148","admin","627272","0","627272","0","0","0","627272","0","627272","0000-00-00 00:00:00","2018-09-15","1");
INSERT INTO t_estimasi VALUES("EST_BR.160818.000005","2018-08-24 14:04:17","Asuransi","MHKA6GK6JHJ026520","3NRH145171","H 8965 SG","CUST_BR.160818.000006","PANPACIFIC","31508","admin","4025000","402500","3622500","0","0","0","4025000","402500","3622500","0000-00-00 00:00:00","2018-08-23","1");
INSERT INTO t_estimasi VALUES("EST_BR.170918.000044","2018-09-17 08:36:22","Pribadi","MHFJB8EM2H1024139","2GD4348295","H 8802 VG","CUST_BR.080918.000025","","20765","admin","727272","0","727272","0","0","0","727272","0","727272","0000-00-00 00:00:00","2018-09-17","1");
INSERT INTO t_estimasi VALUES("EST_BR.170918.000045","2018-09-17 09:26:09","Pribadi","MHRDD1750HJ702197","L12B31840974","H 8453 HP","CUST_BR.170918.000032","","31955","admin","272727","0","272727","0","0","0","272727","0","272727","0000-00-00 00:00:00","2018-09-20","1");
INSERT INTO t_estimasi VALUES("EST_BR.170918.000046","2018-09-17 11:15:43","Pribadi","MHFJB8EM2H1024139","2GD4348295","H 8802 VG","CUST_BR.080918.000025","","20765","admin","1136363","0","1136363","0","0","0","1136363","0","1136363","0000-00-00 00:00:00","2018-09-20","1");
INSERT INTO t_estimasi VALUES("EST_BR.180918.000047","2018-09-18 08:36:39","Asuransi","MHRRU1730GJ501367","MHRRU1730GJ401367","H 8956 BP","CUST_BR.180918.000033","RAKSA","17587","admin","2560000","0","2560000","4108500","0","4108500","6668500","0","6668500","0000-00-00 00:00:00","2018-09-20","1");
INSERT INTO t_estimasi VALUES("EST_BR.190918.000048","2018-09-19 11:29:53","Asuransi","MRHFK4840HT711073","L15B71675999","H 8599 NR","CUST_BR.190918.000034","AM","4481","admin","1681818","0","1681818","6687873","0","6687873","8369691","0","8369691","0000-00-00 00:00:00","2018-09-22","1");
INSERT INTO t_estimasi VALUES("EST_BR.190918.000049","2018-09-19 12:01:31","Asuransi","MHRDD4730HJ701691","L15Z13610805","H 8663 JP","CUST_BR.190918.000035","AM","17337","admin","659091","0","659091","1002177","0","1002177","1661268","0","1661268","0000-00-00 00:00:00","2018-09-22","1");
INSERT INTO t_estimasi VALUES("EST_BR.200918.000050","2018-09-20 16:05:53","Pribadi","MHFJB8EMIJI039883","2GD-FTV2393","H 18 RI","CUST_BR.140818.000005","","805","admin","90909","0","90909","0","0","0","90909","0","90909","0000-00-00 00:00:00","2018-09-20","1");
INSERT INTO t_estimasi VALUES("EST_BR.210818.000006","2018-08-24 14:09:17","Pribadi","MHRG3850CJ213942","L15A7-9036202","H 168 GM","CUST_BR.210818.000007","","65000","admin","363636","0","363636","0","0","0","363636","0","363636","0000-00-00 00:00:00","2018-08-21","1");
INSERT INTO t_estimasi VALUES("EST_BR.210818.000007","2018-08-24 14:04:25","Asuransi","MHBG3CG1FEJ032963","HR15722935T","K 9088 AL","CUST_BR.100818.000002","BCA","29184","admin","1015000","0","1015000","0","0","0","1015000","0","1015000","0000-00-00 00:00:00","2018-08-22","1");
INSERT INTO t_estimasi VALUES("EST_BR.210918.000051","2018-09-21 08:18:55","Pribadi","MHFXW42G372088995","1TR6370591","H 9500 WG","CUST_BR.140818.000005","","115685","admin","272726","0","272726","272728","0","272728","545454","0","545454","0000-00-00 00:00:00","2018-09-22","1");
INSERT INTO t_estimasi VALUES("EST_BR.230818.000008","2018-08-24 14:04:30","Pribadi","MHRDD4850EJ416136","L15Z11123357","L 1732 YK","CUST_BR.230818.000008","","61315","admin","454545","0","454545","0","0","0","454545","0","454545","0000-00-00 00:00:00","2018-08-28","1");
INSERT INTO t_estimasi VALUES("EST_BR.230818.000009","2018-08-24 14:09:21","Pribadi","MHRDD1850HJ703426","L12B31845821","H 9267 MG","CUST_BR.100818.000003","","31557","admin","545454","0","545454","0","0","0","545454","0","545454","0000-00-00 00:00:00","2018-08-25","1");
INSERT INTO t_estimasi VALUES("EST_BR.230818.000010","2018-08-24 14:09:24","Asuransi","MHRRU1850FJ405168","L15Z61006237","H 807 NH","CUST_BR.230818.000010","ALLIANZ","22905","admin","1681817","0","1681817","2394000","0","2394000","4075817","0","4075817","0000-00-00 00:00:00","2018-08-27","1");
INSERT INTO t_estimasi VALUES("EST_BR.230818.000011","2018-08-24 14:10:29","Pribadi","MHYHYC11S8J100459","M15IA100181","H 8055 DR","CUST_BR.230818.000009","","99768","admin","2272724","0","2272724","0","0","0","2272724","0","2272724","0000-00-00 00:00:00","2018-08-28","1");
INSERT INTO t_estimasi VALUES("EST_BR.230818.000012","2018-08-24 14:10:35","Pribadi","MRHFK4840JT711230","L15B71677007","H 36 AA","CUST_BR.230818.000011","","4564","admin","272727","0","272727","0","0","0","272727","0","272727","0000-00-00 00:00:00","2018-08-28","1");
INSERT INTO t_estimasi VALUES("EST_BR.230818.000013","2018-08-24 21:58:02","Asuransi","MHRGK5860JJ800228","LI5Z51238090","H 8740 TP","CUST_BR.230818.000012","SOMPO","9417","admin","1590906","0","1590906","0","0","0","1590906","0","1590906","0000-00-00 00:00:00","2018-08-27","1");
INSERT INTO t_estimasi VALUES("EST_BR.240918.000052","2018-09-24 10:08:45","Pribadi","MHKE8FB3JJK005690","2NRF678087","H 8826 UP","CUST_BR.240918.000036","","5341","admin","909090","0","909090","0","0","0","909090","0","909090","0000-00-00 00:00:00","2018-09-26","1");
INSERT INTO t_estimasi VALUES("EST_BR.240918.000053","2018-09-24 16:32:24","Asuransi","MHRDD185OHJ712844","L12B31876735","H 8997 UG","CUST_BR.240918.000037","BESS","16611","admin","1181818","0","1181818","0","0","0","1181818","0","1181818","0000-00-00 00:00:00","2018-09-26","1");
INSERT INTO t_estimasi VALUES("EST_BR.250818.000014","2018-08-28 13:19:27","Asuransi","MHR6K5860HJ800699","LI5Z51230260","H 500 CI","CUST_BR.100818.000004","PANPACIFIC","6000","admin","425000","0","425000","441224","0","441224","866224","0","866224","0000-00-00 00:00:00","2018-08-31","1");
INSERT INTO t_estimasi VALUES("EST_BR.250918.000054","2018-09-25 13:49:08","Pribadi","MMBGYKG40EF031221","4D56UCFT7578","H 7266 HC","CUST_BR.250918.000038","","57662","admin","272727","0","272727","0","0","0","272727","0","272727","0000-00-00 00:00:00","2018-09-26","1");
INSERT INTO t_estimasi VALUES("EST_BR.260918.000055","2018-09-26 13:01:20","Pribadi","MHRGE88608J904375","L15A71744661","H 54 L","CUST_BR.170918.000032","","102559","admin","863636","0","863636","0","0","0","863636","0","863636","0000-00-00 00:00:00","2018-09-29","1");
INSERT INTO t_estimasi VALUES("EST_BR.270818.000015","2018-08-27 09:19:07","Pribadi","MALBL51CLHM289624","G4LCGU583101","H 8475 RL","CUST_BR.270818.000013","","3593","admin","545454","0","545454","0","0","0","545454","0","545454","0000-00-00 00:00:00","2018-08-28","1");
INSERT INTO t_estimasi VALUES("EST_BR.270918.000056","2018-09-27 08:06:54","Pribadi","MHKV3CA3JCK010375","DDE8982","H 9174 VR","CUST_BR.080918.000025","","102526","admin","1481814","0","1481814","1827272","0","1827272","3309086","0","3309086","0000-00-00 00:00:00","2018-10-03","1");
INSERT INTO t_estimasi VALUES("EST_BR.280818.000016","2018-08-28 09:08:39","Pribadi","MHFXS42G1B2531956","2KD6920704","H 9380 CH","CUST_BR.280818.000014","","48192","admin","272727","0","272727","0","0","0","272727","0","272727","0000-00-00 00:00:00","2018-08-30","1");
INSERT INTO t_estimasi VALUES("EST_BR.280918.000057","2018-09-28 13:16:45","Pribadi","MHRGE88609J907342","L15A71733236","H 9488 NY","CUST_BR.280918.000039","","143044","admin","909090","0","909090","0","0","0","909090","0","909090","0000-00-00 00:00:00","2018-10-03","1");
INSERT INTO t_estimasi VALUES("EST_BR.290818.000017","2018-08-29 09:50:58","Asuransi","MHRDD1730HJ701262","L12B31869392","H 8624 TG","CUST_BR.290818.000015","PANPACIFIC","42252","admin","1295454","0","1295454","3551075","0","3551075","4846529","0","4846529","0000-00-00 00:00:00","2018-08-31","1");
INSERT INTO t_estimasi VALUES("EST_BR.290818.000018","2018-08-29 10:00:19","Pribadi","MHFXS42G1B2531956","2KD6920704","H 9380 CH","CUST_BR.280818.000014","","48192","admin","545454","0","545454","0","0","0","545454","0","545454","0000-00-00 00:00:00","2018-08-30","1");
INSERT INTO t_estimasi VALUES("EST_BR.290918.000058","2018-09-29 10:04:29","Asuransi","MHFM1BB2JBK001483","DJ61374","H 8589 G","CUST_BR.140818.000005","AXA","146870","admin","1624089","0","1624089","410226","0","410226","2034315","0","2034315","0000-00-00 00:00:00","2018-10-03","1");
INSERT INTO t_estimasi VALUES("EST_BR.290918.000059","2018-09-29 10:31:34","Asuransi","MHKV5EA1JHK022274","1NRF261960","B 2279 TOF","CUST_BR.280918.000040","RAKSA","30505","admin","2080000","0","2080000","6172725","0","6172725","8252725","0","8252725","0000-00-00 00:00:00","2018-10-03","1");
INSERT INTO t_estimasi VALUES("EST_BR.290918.000060","2018-09-29 12:34:01","Asuransi","JMYLTCV2WGJ000203","4J11RT8221","H 8781 NR","CUST_BR.280918.000041","BCA","","admin","45454","0","45454","1238250","0","1238250","1283704","0","1283704","0000-00-00 00:00:00","2018-09-29","1");
INSERT INTO t_estimasi VALUES("EST_BR.300818.000019","2018-08-30 12:28:44","Pribadi","MHYGDN41TGJ424159","G15AID377270","H 1730 LQ","CUST_BR.300818.000016","","22893","admin","3636363","0","3636363","0","0","0","3636363","0","3636363","0000-00-00 00:00:00","2018-09-10","1");
INSERT INTO t_estimasi VALUES("EST_BR.310818.000020","2018-08-31 09:40:52","Asuransi","MHRGE8840CJ201769","L15A74761692","H 8682 RQ","CUST_BR.310818.000017","ARTARINDO","83690","admin","1022727","0","1022727","0","0","0","1022727","0","1022727","0000-00-00 00:00:00","2018-09-02","1");
INSERT INTO t_estimasi VALUES("EST_BR.310818.000021","2018-08-31 14:14:52","Asuransi","MHRGK5860FJ601524","L15Z51026500","H 8765 YF","CUST_BR.310818.000018","AXA","4830.5","admin","1431817","0","1431817","0","0","0","1431817","0","1431817","0000-00-00 00:00:00","2018-09-03","1");



DROP TABLE t_estimasi_panel_detail;

CREATE TABLE `t_estimasi_panel_detail` (
  `id` int(11) NOT NULL AUTO_INCREMENT,
  `fk_estimasi` varchar(20) NOT NULL,
  `fk_panel` varchar(20) NOT NULL,
  `harga_jual_panel` double DEFAULT NULL,
  `diskon_panel` float NOT NULL,
  `harga_diskon_panel` double DEFAULT NULL,
  `harga_total_estimasi_panel` double NOT NULL,
  `mark_panel` enum('0','1') DEFAULT NULL,
  PRIMARY KEY (`id`)
) ENGINE=InnoDB AUTO_INCREMENT=267 DEFAULT CHARSET=latin1;

INSERT INTO t_estimasi_panel_detail VALUES("26","EST_BR.140818.000003","1","363000","0","0","363000","0");
INSERT INTO t_estimasi_panel_detail VALUES("27","EST_BR.140818.000003","79","409000","0","0","409000","0");
INSERT INTO t_estimasi_panel_detail VALUES("28","EST_BR.140818.000003","88","245000","0","0","245000","0");
INSERT INTO t_estimasi_panel_detail VALUES("29","EST_BR.140818.000003","78","363000","0","0","363000","0");
INSERT INTO t_estimasi_panel_detail VALUES("31","EST_BR.140818.000003","86","409000","0","0","409000","1");
INSERT INTO t_estimasi_panel_detail VALUES("32","EST_BR.140818.000003","22","409000","0","0","409000","0");
INSERT INTO t_estimasi_panel_detail VALUES("33","EST_BR.140818.000003","28","409000","0","0","409000","1");
INSERT INTO t_estimasi_panel_detail VALUES("34","EST_BR.140818.000003","23","409000","0","0","409000","0");
INSERT INTO t_estimasi_panel_detail VALUES("35","EST_BR.140818.000004","76","545455","0","0","545455","0");
INSERT INTO t_estimasi_panel_detail VALUES("36","EST_BR.140818.000004","78","363636","0","0","363636","");
INSERT INTO t_estimasi_panel_detail VALUES("37","EST_BR.130818.000002","92","272727","0","0","272727","0");
INSERT INTO t_estimasi_panel_detail VALUES("38","EST_BR.100818.000001","94","318182","0","0","318182","0");
INSERT INTO t_estimasi_panel_detail VALUES("39","EST_BR.160818.000005","1","275000","10","27500","247500","");
INSERT INTO t_estimasi_panel_detail VALUES("40","EST_BR.160818.000005","22","375000","10","37500","337500","1");
INSERT INTO t_estimasi_panel_detail VALUES("41","EST_BR.160818.000005","23","375000","10","37500","337500","");
INSERT INTO t_estimasi_panel_detail VALUES("42","EST_BR.160818.000005","86","375000","10","37500","337500","1");
INSERT INTO t_estimasi_panel_detail VALUES("43","EST_BR.160818.000005","28","375000","10","37500","337500","1");
INSERT INTO t_estimasi_panel_detail VALUES("44","EST_BR.160818.000005","78","275000","10","27500","247500","");
INSERT INTO t_estimasi_panel_detail VALUES("45","EST_BR.160818.000005","79","375000","10","37500","337500","");
INSERT INTO t_estimasi_panel_detail VALUES("46","EST_BR.160818.000005","29","375000","10","37500","337500","1");
INSERT INTO t_estimasi_panel_detail VALUES("47","EST_BR.160818.000005","41","400000","10","40000","360000","");
INSERT INTO t_estimasi_panel_detail VALUES("48","EST_BR.160818.000005","35","225000","10","22500","202500","");
INSERT INTO t_estimasi_panel_detail VALUES("49","EST_BR.160818.000005","88","225000","10","22500","202500","");
INSERT INTO t_estimasi_panel_detail VALUES("50","EST_BR.160818.000005","75","375000","10","37500","337500","");
INSERT INTO t_estimasi_panel_detail VALUES("51","EST_BR.210818.000006","93","363636","0","0","363636","");
INSERT INTO t_estimasi_panel_detail VALUES("52","EST_BR.210818.000007","29","375000","0","0","375000","0");
INSERT INTO t_estimasi_panel_detail VALUES("53","EST_BR.210818.000007","35","240000","0","0","240000","0");
INSERT INTO t_estimasi_panel_detail VALUES("54","EST_BR.210818.000007","74","400000","0","0","400000","0");
INSERT INTO t_estimasi_panel_detail VALUES("55","EST_BR.230818.000008","1","454545","0","0","454545","0");
INSERT INTO t_estimasi_panel_detail VALUES("56","EST_BR.230818.000009","1","272727","0","0","272727","0");
INSERT INTO t_estimasi_panel_detail VALUES("57","EST_BR.230818.000009","78","272727","0","0","272727","0");
INSERT INTO t_estimasi_panel_detail VALUES("58","EST_BR.230818.000010","80","113636","0","0","113636","0");
INSERT INTO t_estimasi_panel_detail VALUES("59","EST_BR.230818.000010","78","272727","0","0","272727","0");
INSERT INTO t_estimasi_panel_detail VALUES("60","EST_BR.230818.000010","74","340909","0","0","340909","0");
INSERT INTO t_estimasi_panel_detail VALUES("61","EST_BR.230818.000010","79","340909","0","0","340909","0");
INSERT INTO t_estimasi_panel_detail VALUES("62","EST_BR.230818.000010","30","90909","0","0","90909","1");
INSERT INTO t_estimasi_panel_detail VALUES("63","EST_BR.230818.000010","29","340909","0","0","340909","1");
INSERT INTO t_estimasi_panel_detail VALUES("64","EST_BR.230818.000010","24","181818","0","0","181818","0");
INSERT INTO t_estimasi_panel_detail VALUES("65","EST_BR.230818.000011","1","363636","0","0","363636","0");
INSERT INTO t_estimasi_panel_detail VALUES("66","EST_BR.230818.000011","23","409090","0","0","409090","");
INSERT INTO t_estimasi_panel_detail VALUES("67","EST_BR.230818.000011","78","454545","0","0","454545","0");
INSERT INTO t_estimasi_panel_detail VALUES("68","EST_BR.230818.000011","74","454545","0","0","454545","0");
INSERT INTO t_estimasi_panel_detail VALUES("69","EST_BR.230818.000011","35","227272","0","0","227272","0");
INSERT INTO t_estimasi_panel_detail VALUES("70","EST_BR.230818.000011","93","363636","0","0","363636","0");
INSERT INTO t_estimasi_panel_detail VALUES("71","EST_BR.230818.000012","88","272727","0","0","272727","0");
INSERT INTO t_estimasi_panel_detail VALUES("72","EST_BR.230818.000013","1","363636","0","0","363636","0");
INSERT INTO t_estimasi_panel_detail VALUES("73","EST_BR.230818.000013","22","409090","0","0","409090","1");
INSERT INTO t_estimasi_panel_detail VALUES("74","EST_BR.230818.000013","28","409090","0","0","409090","0");
INSERT INTO t_estimasi_panel_detail VALUES("75","EST_BR.230818.000013","29","409090","0","0","409090","1");
INSERT INTO t_estimasi_panel_detail VALUES("76","EST_BR.250818.000014","95","150000","0","0","150000","0");
INSERT INTO t_estimasi_panel_detail VALUES("77","EST_BR.250818.000014","1","275000","0","0","275000","0");
INSERT INTO t_estimasi_panel_detail VALUES("78","EST_BR.270818.000015","1","363636","0","0","363636","0");
INSERT INTO t_estimasi_panel_detail VALUES("79","EST_BR.270818.000015","35","181818","0","0","181818","0");
INSERT INTO t_estimasi_panel_detail VALUES("80","EST_BR.280818.000016","1","272727","0","0","272727","0");
INSERT INTO t_estimasi_panel_detail VALUES("81","EST_BR.290818.000017","22","340909","0","0","340909","1");
INSERT INTO t_estimasi_panel_detail VALUES("82","EST_BR.290818.000017","23","340909","0","0","340909","1");
INSERT INTO t_estimasi_panel_detail VALUES("83","EST_BR.290818.000017","1","250000","0","0","250000","0");
INSERT INTO t_estimasi_panel_detail VALUES("84","EST_BR.290818.000017","16","363636","0","0","363636","0");
INSERT INTO t_estimasi_panel_detail VALUES("85","EST_BR.290818.000018","1","272727","0","0","272727","0");
INSERT INTO t_estimasi_panel_detail VALUES("86","EST_BR.290818.000018","78","272727","0","0","272727","0");
INSERT INTO t_estimasi_panel_detail VALUES("87","EST_BR.300818.000019","96","3636363","0","0","3636363","0");
INSERT INTO t_estimasi_panel_detail VALUES("88","EST_BR.310818.000020","78","327273","0","0","327273","0");
INSERT INTO t_estimasi_panel_detail VALUES("89","EST_BR.310818.000020","75","327273","0","0","327273","0");
INSERT INTO t_estimasi_panel_detail VALUES("90","EST_BR.310818.000020","79","368181","0","0","368181","1");
INSERT INTO t_estimasi_panel_detail VALUES("91","EST_BR.310818.000021","1","286363","0","0","286363","0");
INSERT INTO t_estimasi_panel_detail VALUES("92","EST_BR.310818.000021","86","368182","0","0","368182","0");
INSERT INTO t_estimasi_panel_detail VALUES("93","EST_BR.310818.000021","88","204545","0","0","204545","0");
INSERT INTO t_estimasi_panel_detail VALUES("94","EST_BR.310818.000021","97","204545","0","0","204545","0");
INSERT INTO t_estimasi_panel_detail VALUES("95","EST_BR.310818.000021","79","368182","0","0","368182","0");
INSERT INTO t_estimasi_panel_detail VALUES("96","EST_BR.030918.000022","28","400000","0","0","400000","1");
INSERT INTO t_estimasi_panel_detail VALUES("97","EST_BR.030918.000022","1","300000","0","0","300000","0");
INSERT INTO t_estimasi_panel_detail VALUES("98","EST_BR.030918.000022","75","400000","0","0","400000","0");
INSERT INTO t_estimasi_panel_detail VALUES("99","EST_BR.030918.000022","79","400000","0","0","400000","0");
INSERT INTO t_estimasi_panel_detail VALUES("100","EST_BR.030918.000022","74","400000","0","0","400000","0");
INSERT INTO t_estimasi_panel_detail VALUES("101","EST_BR.030918.000022","29","400000","0","0","400000","0");
INSERT INTO t_estimasi_panel_detail VALUES("102","EST_BR.040918.000023","1","272727","0","0","272727","0");
INSERT INTO t_estimasi_panel_detail VALUES("103","EST_BR.040918.000024","1","300000","0","0","300000","0");
INSERT INTO t_estimasi_panel_detail VALUES("104","EST_BR.040918.000024","23","400000","0","0","400000","1");
INSERT INTO t_estimasi_panel_detail VALUES("105","EST_BR.040918.000024","86","400000","0","0","400000","1");
INSERT INTO t_estimasi_panel_detail VALUES("106","EST_BR.040918.000024","79","400000","0","0","400000","1");
INSERT INTO t_estimasi_panel_detail VALUES("107","EST_BR.040918.000024","36","100000","0","0","100000","0");
INSERT INTO t_estimasi_panel_detail VALUES("108","EST_BR.060918.000025","1","272727","0","0","272727","0");
INSERT INTO t_estimasi_panel_detail VALUES("109","EST_BR.070918.000026","79","340909","0","0","340909","0");
INSERT INTO t_estimasi_panel_detail VALUES("110","EST_BR.070918.000026","75","340909","0","0","340909","0");
INSERT INTO t_estimasi_panel_detail VALUES("111","EST_BR.070918.000026","30","109090","0","0","109090","0");
INSERT INTO t_estimasi_panel_detail VALUES("112","EST_BR.080918.000027","86","340909","0","0","340909","0");
INSERT INTO t_estimasi_panel_detail VALUES("113","EST_BR.080918.000027","79","340909","0","0","340909","0");
INSERT INTO t_estimasi_panel_detail VALUES("114","EST_BR.080918.000027","75","340909","0","0","340909","1");
INSERT INTO t_estimasi_panel_detail VALUES("115","EST_BR.080918.000027","78","250000","0","0","250000","1");
INSERT INTO t_estimasi_panel_detail VALUES("116","EST_BR.080918.000027","88","204545","0","0","204545","0");
INSERT INTO t_estimasi_panel_detail VALUES("117","EST_BR.080918.000028","1","272727","0","0","272727","0");
INSERT INTO t_estimasi_panel_detail VALUES("118","EST_BR.080918.000028","78","272727","0","0","272727","0");
INSERT INTO t_estimasi_panel_detail VALUES("119","EST_BR.080918.000028","23","363636","0","0","363636","1");
INSERT INTO t_estimasi_panel_detail VALUES("120","EST_BR.080918.000028","86","363636","0","0","363636","1");
INSERT INTO t_estimasi_panel_detail VALUES("121","EST_BR.080918.000028","79","363636","0","0","363636","0");
INSERT INTO t_estimasi_panel_detail VALUES("122","EST_BR.080918.000028","88","227273","0","0","227273","0");
INSERT INTO t_estimasi_panel_detail VALUES("123","EST_BR.080918.000029","76","409091","0","0","409091","0");
INSERT INTO t_estimasi_panel_detail VALUES("124","EST_BR.080918.000029","78","286363","0","0","286363","0");
INSERT INTO t_estimasi_panel_detail VALUES("125","EST_BR.080918.000029","75","368181","0","0","368181","0");
INSERT INTO t_estimasi_panel_detail VALUES("126","EST_BR.080918.000029","79","368181","0","0","368181","0");
INSERT INTO t_estimasi_panel_detail VALUES("127","EST_BR.080918.000029","86","368181","0","0","368181","0");
INSERT INTO t_estimasi_panel_detail VALUES("128","EST_BR.080918.000030","1","363636","0","0","363636","0");
INSERT INTO t_estimasi_panel_detail VALUES("129","EST_BR.080918.000030","22","409091","0","0","409091","0");
INSERT INTO t_estimasi_panel_detail VALUES("130","EST_BR.080918.000031","1","363636","0","0","363636","0");
INSERT INTO t_estimasi_panel_detail VALUES("131","EST_BR.080918.000031","78","363636","0","0","363636","0");
INSERT INTO t_estimasi_panel_detail VALUES("132","EST_BR.080918.000031","23","409091","0","0","409091","0");
INSERT INTO t_estimasi_panel_detail VALUES("133","EST_BR.080918.000031","76","454545","0","0","454545","0");
INSERT INTO t_estimasi_panel_detail VALUES("134","EST_BR.080918.000031","16","518182","0","0","518182","0");
INSERT INTO t_estimasi_panel_detail VALUES("135","EST_BR.080918.000031","100","136364","0","0","136364","0");
INSERT INTO t_estimasi_panel_detail VALUES("136","EST_BR.080918.000031","99","136364","0","0","136364","0");
INSERT INTO t_estimasi_panel_detail VALUES("137","EST_BR.080918.000031","5","218182","0","0","218182","0");
INSERT INTO t_estimasi_panel_detail VALUES("138","EST_BR.080918.000031","11","245455","0","0","245455","0");
INSERT INTO t_estimasi_panel_detail VALUES("139","EST_BR.080918.000031","8","218182","0","0","218182","0");
INSERT INTO t_estimasi_panel_detail VALUES("140","EST_BR.080918.000031","82","218182","0","0","218182","0");
INSERT INTO t_estimasi_panel_detail VALUES("141","EST_BR.080918.000031","18","81818","0","0","81818","0");
INSERT INTO t_estimasi_panel_detail VALUES("142","EST_BR.080918.000032","1","363636","0","0","363636","0");
INSERT INTO t_estimasi_panel_detail VALUES("143","EST_BR.080918.000032","22","409091","0","0","409091","0");
INSERT INTO t_estimasi_panel_detail VALUES("144","EST_BR.080918.000032","25","272727","0","0","272727","0");
INSERT INTO t_estimasi_panel_detail VALUES("145","EST_BR.120918.000033","1","225000","0","0","225000","0");
INSERT INTO t_estimasi_panel_detail VALUES("146","EST_BR.120918.000033","22","306818","0","0","306818","1");
INSERT INTO t_estimasi_panel_detail VALUES("147","EST_BR.120918.000033","23","306818","0","0","306818","0");
INSERT INTO t_estimasi_panel_detail VALUES("148","EST_BR.120918.000033","86","306818","0","0","306818","0");
INSERT INTO t_estimasi_panel_detail VALUES("149","EST_BR.120918.000033","28","306818","0","0","306818","1");
INSERT INTO t_estimasi_panel_detail VALUES("150","EST_BR.120918.000033","78","225000","0","0","225000","0");
INSERT INTO t_estimasi_panel_detail VALUES("151","EST_BR.120918.000033","79","306818","0","0","306818","0");
INSERT INTO t_estimasi_panel_detail VALUES("152","EST_BR.120918.000033","29","306818","0","0","306818","1");
INSERT INTO t_estimasi_panel_detail VALUES("153","EST_BR.120918.000033","41","327273","0","0","327273","1");
INSERT INTO t_estimasi_panel_detail VALUES("154","EST_BR.120918.000033","88","184090","0","0","184090","0");
INSERT INTO t_estimasi_panel_detail VALUES("155","EST_BR.120918.000033","35","184090","0","0","184090","0");
INSERT INTO t_estimasi_panel_detail VALUES("156","EST_BR.120918.000033","75","306818","0","0","306818","0");
INSERT INTO t_estimasi_panel_detail VALUES("157","EST_BR.120918.000034","1","250000","0","0","250000","0");
INSERT INTO t_estimasi_panel_detail VALUES("158","EST_BR.120918.000034","22","340909","0","0","340909","1");
INSERT INTO t_estimasi_panel_detail VALUES("159","EST_BR.120918.000034","23","340909","0","0","340909","1");
INSERT INTO t_estimasi_panel_detail VALUES("160","EST_BR.120918.000034","16","363636","0","0","363636","0");
INSERT INTO t_estimasi_panel_detail VALUES("161","EST_BR.120918.000035","75","368181","0","0","368181","1");
INSERT INTO t_estimasi_panel_detail VALUES("162","EST_BR.120918.000035","76","409091","0","0","409091","0");
INSERT INTO t_estimasi_panel_detail VALUES("163","EST_BR.120918.000035","78","286363","0","0","286363","0");
INSERT INTO t_estimasi_panel_detail VALUES("164","EST_BR.120918.000035","79","368181","0","0","368181","0");
INSERT INTO t_estimasi_panel_detail VALUES("165","EST_BR.120918.000035","86","368181","0","0","368181","0");
INSERT INTO t_estimasi_panel_detail VALUES("166","EST_BR.130918.000036","86","363636","0","0","363636","0");
INSERT INTO t_estimasi_panel_detail VALUES("167","EST_BR.130918.000036","39","113636","0","0","113636","0");
INSERT INTO t_estimasi_panel_detail VALUES("170","EST_BR.130918.000038","75","363636","0","0","363636","");
INSERT INTO t_estimasi_panel_detail VALUES("171","EST_BR.130918.000038","78","272727","0","0","272727","");
INSERT INTO t_estimasi_panel_detail VALUES("172","EST_BR.130918.000037","31","218182","0","0","218182","0");
INSERT INTO t_estimasi_panel_detail VALUES("173","EST_BR.130918.000037","87","218182","0","0","218182","0");
INSERT INTO t_estimasi_panel_detail VALUES("174","EST_BR.130918.000037","32","218182","0","0","218182","0");
INSERT INTO t_estimasi_panel_detail VALUES("175","EST_BR.130918.000037","102","218182","0","0","218182","0");
INSERT INTO t_estimasi_panel_detail VALUES("176","EST_BR.130918.000037","101","218182","0","0","218182","0");
INSERT INTO t_estimasi_panel_detail VALUES("177","EST_BR.130918.000039","78","454545","0","0","454545","0");
INSERT INTO t_estimasi_panel_detail VALUES("178","EST_BR.130918.000039","76","636364","0","0","636364","0");
INSERT INTO t_estimasi_panel_detail VALUES("179","EST_BR.130918.000039","42","272727","0","0","272727","0");
INSERT INTO t_estimasi_panel_detail VALUES("180","EST_BR.140918.000040","1","225000","0","0","225000","0");
INSERT INTO t_estimasi_panel_detail VALUES("181","EST_BR.140918.000040","22","306818","0","0","306818","1");
INSERT INTO t_estimasi_panel_detail VALUES("182","EST_BR.140918.000040","23","306818","0","0","306818","1");
INSERT INTO t_estimasi_panel_detail VALUES("183","EST_BR.140918.000040","86","306818","0","0","306818","1");
INSERT INTO t_estimasi_panel_detail VALUES("184","EST_BR.140918.000040","95","122727","0","0","122727","0");
INSERT INTO t_estimasi_panel_detail VALUES("186","EST_BR.140918.000040","78","225000","0","0","225000","0");
INSERT INTO t_estimasi_panel_detail VALUES("187","EST_BR.140918.000040","75","306818","0","0","306818","0");
INSERT INTO t_estimasi_panel_detail VALUES("188","EST_BR.140918.000040","74","306818","0","0","306818","0");
INSERT INTO t_estimasi_panel_detail VALUES("189","EST_BR.140918.000040","29","306818","0","0","306818","1");
INSERT INTO t_estimasi_panel_detail VALUES("190","EST_BR.140918.000040","79","306818","0","0","306818","0");
INSERT INTO t_estimasi_panel_detail VALUES("191","EST_BR.140918.000040","76","327273","0","0","327273","1");
INSERT INTO t_estimasi_panel_detail VALUES("192","EST_BR.140918.000040","103","122727","0","0","122727","0");
INSERT INTO t_estimasi_panel_detail VALUES("193","EST_BR.140918.000040","104","81818","0","0","81818","0");
INSERT INTO t_estimasi_panel_detail VALUES("194","EST_BR.140918.000040","105","81818","0","0","81818","0");
INSERT INTO t_estimasi_panel_detail VALUES("195","EST_BR.140918.000041","16","454545","0","0","454545","0");
INSERT INTO t_estimasi_panel_detail VALUES("196","EST_BR.140918.000041","22","454545","0","0","454545","0");
INSERT INTO t_estimasi_panel_detail VALUES("197","EST_BR.140918.000041","23","454545","0","0","454545","0");
INSERT INTO t_estimasi_panel_detail VALUES("198","EST_BR.140918.000041","1","454545","0","0","454545","0");
INSERT INTO t_estimasi_panel_detail VALUES("199","EST_BR.140918.000041","95","272727","0","0","272727","0");
INSERT INTO t_estimasi_panel_detail VALUES("200","EST_BR.140918.000041","8","272727","0","0","272727","0");
INSERT INTO t_estimasi_panel_detail VALUES("201","EST_BR.140918.000041","25","272727","0","0","272727","0");
INSERT INTO t_estimasi_panel_detail VALUES("202","EST_BR.140918.000041","5","227272","0","0","227272","0");
INSERT INTO t_estimasi_panel_detail VALUES("203","EST_BR.140918.000041","18","136363","0","0","136363","0");
INSERT INTO t_estimasi_panel_detail VALUES("204","EST_BR.140918.000042","78","272727","0","0","272727","0");
INSERT INTO t_estimasi_panel_detail VALUES("205","EST_BR.140918.000042","1","272727","0","0","272727","0");
INSERT INTO t_estimasi_panel_detail VALUES("206","EST_BR.140918.000042","76","340909","0","0","340909","0");
INSERT INTO t_estimasi_panel_detail VALUES("207","EST_BR.140918.000042","42","190909","0","0","190909","0");
INSERT INTO t_estimasi_panel_detail VALUES("208","EST_BR.140918.000042","108","27272","0","0","27272","0");
INSERT INTO t_estimasi_panel_detail VALUES("209","EST_BR.140918.000043","1","272727","0","0","272727","0");
INSERT INTO t_estimasi_panel_detail VALUES("210","EST_BR.140918.000043","22","354545","0","0","354545","0");
INSERT INTO t_estimasi_panel_detail VALUES("211","EST_BR.170918.000044","1","363636","0","0","363636","0");
INSERT INTO t_estimasi_panel_detail VALUES("212","EST_BR.170918.000044","78","363636","0","0","363636","0");
INSERT INTO t_estimasi_panel_detail VALUES("213","EST_BR.170918.000045","1","272727","0","0","272727","");
INSERT INTO t_estimasi_panel_detail VALUES("214","EST_BR.170918.000046","1","363636","0","0","363636","0");
INSERT INTO t_estimasi_panel_detail VALUES("215","EST_BR.170918.000046","78","363636","0","0","363636","0");
INSERT INTO t_estimasi_panel_detail VALUES("216","EST_BR.170918.000046","75","409091","0","0","409091","0");
INSERT INTO t_estimasi_panel_detail VALUES("217","EST_BR.180918.000047","1","300000","0","0","300000","0");
INSERT INTO t_estimasi_panel_detail VALUES("218","EST_BR.180918.000047","95","240000","0","0","240000","0");
INSERT INTO t_estimasi_panel_detail VALUES("219","EST_BR.180918.000047","23","400000","0","0","400000","0");
INSERT INTO t_estimasi_panel_detail VALUES("220","EST_BR.180918.000047","86","400000","0","0","400000","1");
INSERT INTO t_estimasi_panel_detail VALUES("221","EST_BR.180918.000047","75","400000","0","0","400000","1");
INSERT INTO t_estimasi_panel_detail VALUES("222","EST_BR.180918.000047","79","400000","0","0","400000","0");
INSERT INTO t_estimasi_panel_detail VALUES("223","EST_BR.180918.000047","88","270000","0","0","270000","0");
INSERT INTO t_estimasi_panel_detail VALUES("224","EST_BR.180918.000047","104","150000","0","0","150000","0");
INSERT INTO t_estimasi_panel_detail VALUES("225","EST_BR.190918.000048","1","295455","0","0","295455","0");
INSERT INTO t_estimasi_panel_detail VALUES("226","EST_BR.190918.000048","22","363636","0","0","363636","0");
INSERT INTO t_estimasi_panel_detail VALUES("227","EST_BR.190918.000048","74","363636","0","0","363636","0");
INSERT INTO t_estimasi_panel_detail VALUES("228","EST_BR.190918.000048","29","363636","0","0","363636","0");
INSERT INTO t_estimasi_panel_detail VALUES("229","EST_BR.190918.000048","78","295455","0","0","295455","0");
INSERT INTO t_estimasi_panel_detail VALUES("230","EST_BR.190918.000049","1","295455","0","0","295455","0");
INSERT INTO t_estimasi_panel_detail VALUES("231","EST_BR.190918.000049","22","363636","0","0","363636","0");
INSERT INTO t_estimasi_panel_detail VALUES("232","EST_BR.200918.000050","1","90909","0","0","90909","0");
INSERT INTO t_estimasi_panel_detail VALUES("233","EST_BR.210918.000051","56","272726","0","0","272726","");
INSERT INTO t_estimasi_panel_detail VALUES("234","EST_BR.240918.000052","74","454545","0","0","454545","0");
INSERT INTO t_estimasi_panel_detail VALUES("235","EST_BR.240918.000052","78","454545","0","0","454545","0");
INSERT INTO t_estimasi_panel_detail VALUES("236","EST_BR.240918.000053","16","409091","0","0","409091","0");
INSERT INTO t_estimasi_panel_detail VALUES("237","EST_BR.240918.000053","1","272727","0","0","272727","0");
INSERT INTO t_estimasi_panel_detail VALUES("238","EST_BR.240918.000053","78","272727","0","0","272727","1");
INSERT INTO t_estimasi_panel_detail VALUES("239","EST_BR.240918.000053","88","227273","0","0","227273","0");
INSERT INTO t_estimasi_panel_detail VALUES("240","EST_BR.250918.000054","103","272727","0","0","272727","");
INSERT INTO t_estimasi_panel_detail VALUES("241","EST_BR.260918.000055","78","272727","0","0","272727","0");
INSERT INTO t_estimasi_panel_detail VALUES("242","EST_BR.260918.000055","79","363636","0","0","363636","0");
INSERT INTO t_estimasi_panel_detail VALUES("243","EST_BR.260918.000055","88","227273","0","0","227273","0");
INSERT INTO t_estimasi_panel_detail VALUES("244","EST_BR.270918.000056","1","363636","0","0","363636","0");
INSERT INTO t_estimasi_panel_detail VALUES("245","EST_BR.270918.000056","95","218181","0","0","218181","0");
INSERT INTO t_estimasi_panel_detail VALUES("246","EST_BR.270918.000056","8","218181","0","0","218181","0");
INSERT INTO t_estimasi_panel_detail VALUES("247","EST_BR.270918.000056","82","218181","0","0","218181","0");
INSERT INTO t_estimasi_panel_detail VALUES("248","EST_BR.270918.000056","11","245454","0","0","245454","0");
INSERT INTO t_estimasi_panel_detail VALUES("249","EST_BR.270918.000056","5","218181","0","0","218181","0");
INSERT INTO t_estimasi_panel_detail VALUES("250","EST_BR.280918.000057","1","454545","0","0","454545","0");
INSERT INTO t_estimasi_panel_detail VALUES("251","EST_BR.280918.000057","88","454545","0","0","454545","");
INSERT INTO t_estimasi_panel_detail VALUES("252","EST_BR.290918.000058","16","450000","0","0","450000","0");
INSERT INTO t_estimasi_panel_detail VALUES("253","EST_BR.290918.000058","9","163636","0","0","163636","0");
INSERT INTO t_estimasi_panel_detail VALUES("254","EST_BR.290918.000058","1","286364","0","0","286364","0");
INSERT INTO t_estimasi_panel_detail VALUES("255","EST_BR.290918.000058","11","184090","0","0","184090","0");
INSERT INTO t_estimasi_panel_detail VALUES("256","EST_BR.290918.000058","25","196363","0","0","196363","0");
INSERT INTO t_estimasi_panel_detail VALUES("257","EST_BR.290918.000058","61","343636","0","0","343636","1");
INSERT INTO t_estimasi_panel_detail VALUES("258","EST_BR.290918.000059","1","400000","0","0","400000","0");
INSERT INTO t_estimasi_panel_detail VALUES("259","EST_BR.290918.000059","23","400000","0","0","400000","0");
INSERT INTO t_estimasi_panel_detail VALUES("260","EST_BR.290918.000059","86","400000","0","0","400000","1");
INSERT INTO t_estimasi_panel_detail VALUES("261","EST_BR.290918.000059","16","430000","0","0","430000","0");
INSERT INTO t_estimasi_panel_detail VALUES("262","EST_BR.290918.000059","82","125000","0","0","125000","0");
INSERT INTO t_estimasi_panel_detail VALUES("263","EST_BR.290918.000059","5","125000","0","0","125000","0");
INSERT INTO t_estimasi_panel_detail VALUES("264","EST_BR.290918.000059","25","200000","0","0","200000","0");
INSERT INTO t_estimasi_panel_detail VALUES("265","EST_BR.290918.000060","109","45454","0","0","45454","");
INSERT INTO t_estimasi_panel_detail VALUES("266","EST_BR.011018.000061","41","409090","0","0","409090","0");



DROP TABLE t_estimasi_part_detail;

CREATE TABLE `t_estimasi_part_detail` (
  `id` int(11) NOT NULL AUTO_INCREMENT,
  `fk_estimasi` varchar(20) NOT NULL,
  `fk_part` varchar(50) NOT NULL,
  `qty_part` int(11) NOT NULL,
  `harga_jual_part` double DEFAULT NULL,
  `diskon_part` float NOT NULL,
  `harga_diskon_part` double DEFAULT NULL,
  `harga_total_estimasi_part` double NOT NULL,
  `mark_part` enum('0','1') DEFAULT NULL,
  PRIMARY KEY (`id`)
) ENGINE=InnoDB AUTO_INCREMENT=44 DEFAULT CHARSET=latin1;

INSERT INTO t_estimasi_part_detail VALUES("1","EST_BR.090818.000001","RBK","1","305000","0","0","305000","");
INSERT INTO t_estimasi_part_detail VALUES("2","EST_BR.090818.000001","MUDRRK","1","110000","0","0","110000","");
INSERT INTO t_estimasi_part_detail VALUES("3","EST_BR.230818.000010","STOPLAMP","1","2394000","0","0","2394000","");
INSERT INTO t_estimasi_part_detail VALUES("4","EST_BR.250818.000014","H-LBP","1","441224","0","0","441224","");
INSERT INTO t_estimasi_part_detail VALUES("5","EST_BR.290818.000017","KAPMESBRIO","1","1798200","0","0","1798200","");
INSERT INTO t_estimasi_part_detail VALUES("6","EST_BR.290818.000017","GRILHONDABRIO","1","1303325","0","0","1303325","");
INSERT INTO t_estimasi_part_detail VALUES("7","EST_BR.290818.000017","HEADLAMPBRIO","1","449550","0","0","449550","");
INSERT INTO t_estimasi_part_detail VALUES("8","EST_BR.080918.000029","CSINNOVA","1","388636","0","0","388636","");
INSERT INTO t_estimasi_part_detail VALUES("9","EST_BR.080918.000030","CFAVANZA","1","290909","0","0","290909","");
INSERT INTO t_estimasi_part_detail VALUES("10","EST_BR.080918.000031","BUMPDEPANGRANDMAX","1","404545","0","0","404545","");
INSERT INTO t_estimasi_part_detail VALUES("11","EST_BR.080918.000031","GRILGRANDMAX","1","90909","0","0","90909","");
INSERT INTO t_estimasi_part_detail VALUES("12","EST_BR.080918.000031","FOGLAMASSGRANDMAX","1","227273","0","0","227273","");
INSERT INTO t_estimasi_part_detail VALUES("13","EST_BR.080918.000031","STOPLAMPGRANDMAX","1","613636","0","0","613636","");
INSERT INTO t_estimasi_part_detail VALUES("14","EST_BR.120918.000034","KAPMESBRIO","1","1798200","0","0","1798200","");
INSERT INTO t_estimasi_part_detail VALUES("15","EST_BR.120918.000034","GRILHONDABRIO","1","1303325","0","0","1303325","");
INSERT INTO t_estimasi_part_detail VALUES("16","EST_BR.120918.000034","HEADLAMPBRIO","1","449550","0","0","449550","");
INSERT INTO t_estimasi_part_detail VALUES("17","EST_BR.120918.000035","CSINNOVA","1","388636","0","0","388636","");
INSERT INTO t_estimasi_part_detail VALUES("18","EST_BR.130918.000036","PINTUDEPANKIRIBRIO","1","3918637","0","0","3918637","");
INSERT INTO t_estimasi_part_detail VALUES("19","EST_BR.130918.000037","STIKERPINTURH","1","222000","0","0","222000","");
INSERT INTO t_estimasi_part_detail VALUES("20","EST_BR.130918.000037","STIKERPINTULH","1","222000","0","0","222000","");
INSERT INTO t_estimasi_part_detail VALUES("22","EST_BR.130918.000037","STOPERENGSELPINTUTENGAHLH","1","372000","0","0","372000","");
INSERT INTO t_estimasi_part_detail VALUES("23","EST_BR.130918.000037","STIKERPINTUTENGAHKANAN","1","222000","0","0","222000","");
INSERT INTO t_estimasi_part_detail VALUES("24","EST_BR.180918.000047","HEADLAMPHRV","1","2591100","0","0","2591100","");
INSERT INTO t_estimasi_part_detail VALUES("25","EST_BR.180918.000047","VELGDPNHRVLH","1","1517400","0","0","1517400","");
INSERT INTO t_estimasi_part_detail VALUES("26","EST_BR.190918.000048","HEADLAMPCIVICRH","1","6687873","0","0","6687873","");
INSERT INTO t_estimasi_part_detail VALUES("27","EST_BR.190918.000049","HEADLAMPHMOBILIO2017","1","1002177","0","0","1002177","");
INSERT INTO t_estimasi_part_detail VALUES("28","EST_BR.210918.000051","SILENKACAMOBIL","2","136364","0","0","272728","");
INSERT INTO t_estimasi_part_detail VALUES("29","EST_BR.270918.000056","HEADLAMPGRANDMAXRH","1","790909","0","0","790909","");
INSERT INTO t_estimasi_part_detail VALUES("30","EST_BR.270918.000056","radiatorgrandmax","1","954545","0","0","954545","");
INSERT INTO t_estimasi_part_detail VALUES("31","EST_BR.270918.000056","AIRRADIATORCOOLENT","1","81818","0","0","81818","");
INSERT INTO t_estimasi_part_detail VALUES("32","EST_BR.290918.000058","BASEGRILLAVANZA","1","133863","0","0","133863","");
INSERT INTO t_estimasi_part_detail VALUES("33","EST_BR.290918.000058","HOODMOULDINGAVANZA","1","276363","0","0","276363","");
INSERT INTO t_estimasi_part_detail VALUES("34","EST_BR.290918.000059","KAPMESINXENIA","1","1272727","0","0","1272727","");
INSERT INTO t_estimasi_part_detail VALUES("35","EST_BR.290918.000059","BUMPERFRXENIA16","1","1409090","0","0","1409090","");
INSERT INTO t_estimasi_part_detail VALUES("36","EST_BR.290918.000059","HEADLAMPLHXENIA16","1","954545","0","0","954545","");
INSERT INTO t_estimasi_part_detail VALUES("37","EST_BR.290918.000059","ENGSEL","1","63636","0","0","63636","");
INSERT INTO t_estimasi_part_detail VALUES("38","EST_BR.290918.000059","COWELDEPANLHXENIA16","1","70000","0","0","70000","");
INSERT INTO t_estimasi_part_detail VALUES("39","EST_BR.290918.000059","CONDENSORXENIA16","1","811818","0","0","811818","");
INSERT INTO t_estimasi_part_detail VALUES("40","EST_BR.290918.000059","RADIATORXENIA16","1","1272727","0","0","1272727","");
INSERT INTO t_estimasi_part_detail VALUES("41","EST_BR.290918.000059","AIRRADIATORCOOLENT","1","90909","0","0","90909","");
INSERT INTO t_estimasi_part_detail VALUES("42","EST_BR.290918.000059","FREON","1","227273","0","0","227273","");
INSERT INTO t_estimasi_part_detail VALUES("43","EST_BR.290918.000060","SENSPIONMITSUBISHIDELICALH","1","1238250","0","0","1238250","");



DROP TABLE t_gate_pass;

CREATE TABLE `t_gate_pass` (
  `no_gate_pass` varchar(20) NOT NULL,
  `tgl` timestamp NOT NULL DEFAULT CURRENT_TIMESTAMP,
  `fk_pkb` varchar(20) NOT NULL,
  `status` enum('Sementara','Final') NOT NULL,
  `tgl_trx` timestamp NOT NULL DEFAULT CURRENT_TIMESTAMP,
  PRIMARY KEY (`no_gate_pass`)
) ENGINE=InnoDB DEFAULT CHARSET=latin1;

INSERT INTO t_gate_pass VALUES("GP_BR.011018.000029","2018-10-01 00:00:00","PKB_BR.280918.000032","Final","2018-10-01 16:04:25");
INSERT INTO t_gate_pass VALUES("GP_BR.021018.000030","2018-10-02 00:00:00","PKB_BR.290918.000035","Final","2018-10-02 08:40:55");
INSERT INTO t_gate_pass VALUES("GP_BR.080918.000001","2018-09-07 00:00:00","PKB_BR.080918.000023","Final","2018-09-13 16:10:12");
INSERT INTO t_gate_pass VALUES("GP_BR.080918.000002","2018-09-07 00:00:00","PKB_BR.080918.000024","Final","2018-09-13 16:10:12");
INSERT INTO t_gate_pass VALUES("GP_BR.120918.000002","2018-09-29 00:00:00","PKB_BR.120918.000005","Final","2018-09-13 16:10:12");
INSERT INTO t_gate_pass VALUES("GP_BR.120918.000003","2018-09-12 00:00:00","PKB_BR.120918.000028","Final","2018-09-13 16:10:12");
INSERT INTO t_gate_pass VALUES("GP_BR.130918.000002","2018-09-13 00:00:00","PKB_BR.080918.000028","Final","2018-09-13 16:24:12");
INSERT INTO t_gate_pass VALUES("GP_BR.130918.000003","2018-09-13 00:00:00","PKB_BR.080918.000030","Final","2018-09-13 16:25:16");
INSERT INTO t_gate_pass VALUES("GP_BR.130918.000004","2018-09-05 00:00:00","PKB_BR.040918.000022","Final","2018-09-13 16:28:55");
INSERT INTO t_gate_pass VALUES("GP_BR.130918.000005","2018-09-03 00:00:00","PKB_BR.310818.000020","Final","2018-09-13 16:30:52");
INSERT INTO t_gate_pass VALUES("GP_BR.130918.000006","2018-09-03 00:00:00","PKB_BR.310818.000019","Final","2018-09-13 16:32:43");
INSERT INTO t_gate_pass VALUES("GP_BR.130918.000007","2018-09-08 00:00:00","PKB_BR.080918.000026","Final","2018-09-13 16:37:32");
INSERT INTO t_gate_pass VALUES("GP_BR.140918.000008","2018-09-14 00:00:00","PKB_BR.300818.000018","Final","2018-09-14 17:19:41");
INSERT INTO t_gate_pass VALUES("GP_BR.150918.000009","2018-09-15 00:00:00","PKB_BR.140918.000035","Final","2018-09-15 12:14:36");
INSERT INTO t_gate_pass VALUES("GP_BR.150918.000010","2018-09-15 00:00:00","PKB_BR.140918.000036","Final","2018-09-15 12:15:19");
INSERT INTO t_gate_pass VALUES("GP_BR.150918.000011","2018-09-15 00:00:00","PKB_BR.130918.000029","Final","2018-09-15 12:44:33");
INSERT INTO t_gate_pass VALUES("GP_BR.150918.000012","2018-09-15 00:00:00","PKB_BR.140918.000032","Final","2018-09-15 13:02:41");
INSERT INTO t_gate_pass VALUES("GP_BR.200918.000013","2018-09-20 00:00:00","PKB_BR.080918.000029","Final","2018-09-20 14:06:27");
INSERT INTO t_gate_pass VALUES("GP_BR.200918.000014","2018-09-20 00:00:00","PKB_BR.180918.000034","Final","2018-09-20 14:07:13");
INSERT INTO t_gate_pass VALUES("GP_BR.200918.000015","2018-09-20 00:00:00","PKB_BR.190918.000035","Final","2018-09-20 15:00:32");
INSERT INTO t_gate_pass VALUES("GP_BR.200918.000016","2018-09-20 00:00:00","PKB_BR.190918.000036","Final","2018-09-20 15:20:06");
INSERT INTO t_gate_pass VALUES("GP_BR.200918.000017","2018-09-20 00:00:00","PKB_BR.200918.000037","Final","2018-09-20 16:22:40");
INSERT INTO t_gate_pass VALUES("GP_BR.210918.000018","2018-09-21 00:00:00","PKB_BR.170918.000034","Final","2018-09-21 10:29:56");
INSERT INTO t_gate_pass VALUES("GP_BR.220918.000019","2018-09-22 00:00:00","PKB_BR.210918.000035","Final","2018-09-22 11:33:34");
INSERT INTO t_gate_pass VALUES("GP_BR.220918.000020","2018-09-22 00:00:00","PKB_BR.130918.000030","Final","2018-09-22 11:39:42");
INSERT INTO t_gate_pass VALUES("GP_BR.250918.000021","2018-09-25 00:00:00","PKB_BR.080918.000025","Final","2018-09-25 09:17:51");
INSERT INTO t_gate_pass VALUES("GP_BR.250918.000022","2018-09-25 00:00:00","PKB_BR.240918.000033","Final","2018-09-25 09:52:39");
INSERT INTO t_gate_pass VALUES("GP_BR.250918.000023","2018-09-25 00:00:00","PKB_BR.240918.000032","Final","2018-09-25 10:05:38");
INSERT INTO t_gate_pass VALUES("GP_BR.260918.000024","2018-09-26 00:00:00","PKB_BR.130918.000031","Final","2018-09-26 09:00:10");
INSERT INTO t_gate_pass VALUES("GP_BR.260918.000025","2018-09-26 00:00:00","PKB_BR.250918.000033","Final","2018-09-26 14:52:17");
INSERT INTO t_gate_pass VALUES("GP_BR.270918.000026","2018-09-27 00:00:00","PKB_BR.240918.000031","Final","2018-09-27 07:40:55");
INSERT INTO t_gate_pass VALUES("GP_BR.290918.000027","2018-09-29 00:00:00","PKB_BR.290918.000036","Final","2018-09-29 13:00:55");
INSERT INTO t_gate_pass VALUES("GP_BR.290918.000028","2018-09-29 00:00:00","PKB_BR.290918.000035","Final","2018-09-29 13:11:24");



DROP TABLE t_group_kendaraan;

CREATE TABLE `t_group_kendaraan` (
  `id_group_kendaraan` varchar(10) NOT NULL,
  `nama` varchar(50) NOT NULL,
  PRIMARY KEY (`id_group_kendaraan`)
) ENGINE=InnoDB DEFAULT CHARSET=latin1;

INSERT INTO t_group_kendaraan VALUES("DHST","DAIHATSU");
INSERT INTO t_group_kendaraan VALUES("HND","HONDA");
INSERT INTO t_group_kendaraan VALUES("HYU","HYUNDAI");
INSERT INTO t_group_kendaraan VALUES("MTSH","MITSUBISHI");
INSERT INTO t_group_kendaraan VALUES("NSS","NISSAN");
INSERT INTO t_group_kendaraan VALUES("SZU","SUZUKI");
INSERT INTO t_group_kendaraan VALUES("TYO","TOYOTA");



DROP TABLE t_inventory_bengkel;

CREATE TABLE `t_inventory_bengkel` (
  `no_chasis` varchar(50) NOT NULL,
  `no_mesin` varchar(50) NOT NULL,
  `no_polisi` varchar(10) NOT NULL,
  `fk_tipe_kendaraan` varchar(50) NOT NULL,
  `fk_warna_kendaraan` varchar(50) NOT NULL,
  `fk_customer` varchar(50) NOT NULL,
  `nama_stnk` varchar(50) NOT NULL,
  `alamat_stnk` varchar(50) NOT NULL
) ENGINE=InnoDB DEFAULT CHARSET=latin1;

INSERT INTO t_inventory_bengkel VALUES("MHKV5EA1JGK008233","1NRF149984","H 9234 CP","XENIA","SILVER","CUST_BR.090818.000001","CHANDRA BUDIMAN","JL KUALA MAS TIMUR 840 RT 04/13 SMG UTR SMG");
INSERT INTO t_inventory_bengkel VALUES("MHBG3CG1FEJ032963","HR15722935T","K 9088 AL","GRANDLIVINA","SILVER","CUST_BR.100818.000002","NUR KHALIMI SYRAJ","SINGOROJO RT 05/03 MAYONG JEPARA");
INSERT INTO t_inventory_bengkel VALUES("MHRDD1850HJ703426","L12B31845821","H 9267 MG","BRIO","RED","CUST_BR.100818.000003","RATNA DWI WARDANI","JL LEMPONGSARI I NO 441 RT 04/02 GJMK SEMARANG");
INSERT INTO t_inventory_bengkel VALUES("MHFE2CK3JBK013404","3SZ-DCG4656","H 8542 CH","RUSH","SILVER","CUST_BR.140818.000005","FACHRUDIN","SEMARANG");
INSERT INTO t_inventory_bengkel VALUES("MHKA6GK6JHJ026520","3NRH145171","H 8965 SG","CALYA","RD","CUST_BR.160818.000006","HARLINA","PANDANGSARI NO 14 RT 7/3 BYMN SMG");
INSERT INTO t_inventory_bengkel VALUES("MHRG3850CJ213942","L15A7-9036202","H 168 GM","FREED","WHITE","CUST_BR.210818.000007","AGUSTINA IDA EVIANTI","TEMBALANG INDAH SEMARANG");
INSERT INTO t_inventory_bengkel VALUES("MHRDD4850EJ416136","L15Z11123357","L 1732 YK","MOBILIO","WHITE","CUST_BR.230818.000008","WAHYUNINGSIH","SIMO KWAGEN BUNTU LOR 46 A RW 01/03 SBY/KEL KUPANG");
INSERT INTO t_inventory_bengkel VALUES("MHRRU1850FJ405168","L15Z61006237","H 807 NH","HRV","AAM","CUST_BR.230818.000010","NOOR HASLINDA","JL PERMATA 2 BLOK A 2/15 RT 15/8 BRINGIN NGALIYAN");
INSERT INTO t_inventory_bengkel VALUES("MHYHYC11S8J100459","M15IA100181","H 8055 DR","BALENO","AA","CUST_BR.230818.000009","ELEN PUSPITASARI, SE MSI","JL ERLANGGA BRT I/8 RT 8/4 SMG");
INSERT INTO t_inventory_bengkel VALUES("MRHFK4840JT711230","L15B71677007","H 36 AA","CIVIC","RD","CUST_BR.230818.000011","MEGA RESINTA DEWI","PRIMA SLTN E-10/E CLUSTER EXECUTIVE GRAHA ESTETIKA");
INSERT INTO t_inventory_bengkel VALUES("MHRGK5860JJ800228","LI5Z51238090","H 8740 TP","JAZZ","RD","CUST_BR.230818.000012","SHIDQI MUKHTAR","JL PARANG BARIS III NO 12 RT 02/15 PDRG SMG");
INSERT INTO t_inventory_bengkel VALUES("MHR6K5860HJ800699","LI5Z51230260","H 500 CI","JAZZ","ORANGE","CUST_BR.100818.000004","NOPI SUTJI HATI","JL PAPANDAYAN RAYA B.823 RT 06/05 GJMK SMG");
INSERT INTO t_inventory_bengkel VALUES("MALBL51CLHM289624","G4LCGU583101","H 8475 RL","I20","WHITE","CUST_BR.270818.000013","RACHMAWATI MAYASARI","JL JATI RAYA NO 22 RT 4 RW 1 KALIREJO UNGARAN");
INSERT INTO t_inventory_bengkel VALUES("MHFXS42G1B2531956","2KD6920704","H 9380 CH","INNOVA","SILVER","CUST_BR.280818.000014","BAMBANG PINARSO","KP PETELAN SELATAN NO 711 RT 1/7 SMG TMR");
INSERT INTO t_inventory_bengkel VALUES("MHRDD1730HJ701262","L12B31869392","H 8624 TG","BRIO","WHITE","CUST_BR.290818.000015","TUGIYO","JL KEPODANG SELATAN III/A 70 RT 1/14 BANYUMANIK SE");
INSERT INTO t_inventory_bengkel VALUES("MHYGDN41TGJ424159","G15AID377270","H 1730 LQ","SUZUKIPICKUP","BLCK","CUST_BR.300818.000016","BETHARIA ARMIS","JL DWOROWATI III NO 25 RT 3/8 KROBOKAN SEMARANG BA");
INSERT INTO t_inventory_bengkel VALUES("MHRGE8840CJ201769","L15A74761692","H 8682 RQ","JAZZ","WHITE","CUST_BR.310818.000017","A KUS ARIS WICAKSONO","JL DEWI SARTIKA III NO 14-16 RT 03/04 GUNUNGPATI S");
INSERT INTO t_inventory_bengkel VALUES("MHRGK5860FJ601524","L15Z51026500","H 8765 YF","JAZZ","RD","CUST_BR.310818.000018","JANNI EPIFANI","MUWARDI TIMUR VIII/10 RT 2 RW 5 PDRGN SEMARANG");
INSERT INTO t_inventory_bengkel VALUES("MHMBGUKR10GH027520","4N15UAT2983","H 7307 CF","PAJERO","BLCK","CUST_BR.030918.000019","PT KHING STICKER JAYA ABADI","PURWOSARI V NO 21 SEMARANG TIMUR SEMARANG");
INSERT INTO t_inventory_bengkel VALUES("MRHGM25609P920551","9RS0MN7","H 711 NA","CITY","BLCK","CUST_BR.310818.000017","A KUS ARIS WICAKSONO","GUNUNGPATI SEMARANG");
INSERT INTO t_inventory_bengkel VALUES("MHRDD4850HJ706273","LI5Z13627859","H 8755 VG","MOBILIO","WHITE","CUST_BR.040918.000020","MA IRFAN RAHMANA","TEMBALANG PESONA ASRI BLOK R-7 RT 6/4 KRAMAS TEMBA");
INSERT INTO t_inventory_bengkel VALUES("MHRDD1770FJ553838","L12B31454022","H 9135 CW","BRIO","AA","CUST_BR.100818.000003","SRI MULYANI SH","JL MEGA PERMAI VI/144 RT 02/12 NGLYN SMG");
INSERT INTO t_inventory_bengkel VALUES("MHKG2CJ1JFK028551","337DF6702","B 2041 SFJ","TERIOS","BLCK","CUST_BR.070918.000021","PT VAKSINDO SATWA N","JL MT HARYONO KAV 16 RT 10/5 JAKSEL");
INSERT INTO t_inventory_bengkel VALUES("MHRDD4730H3706476","L15z13632596","K 8483 JL","MOBILIO","RD","CUST_BR.070918.000022","ENDANG PURWANTI","KARANGRANDU RT 2/3 PECANGAAN JEPARA");
INSERT INTO t_inventory_bengkel VALUES("MHRDD1750GJ713115","L12B31830756","H 9404 TG","BRIO","WHITE","CUST_BR.080918.000024","DADI SUBUR","BUKIT MUTIARA JAYA III BLOK J-15 NO 15 RT 5/28 TEM");
INSERT INTO t_inventory_bengkel VALUES("MHFXW42G792144729","1TR6802389","H 8710 HD","INNOVA","AA","CUST_BR.080918.000026","CRISTIAN NUGROHO","DS. Cepiring RT 4/1 Kec. Cepiring Kendal");
INSERT INTO t_inventory_bengkel VALUES("MHKM1BA3JDJ033056","MC24108","H 8740 AZ","AVANZA","SILVER","CUST_BR.080918.000025","PT MITRA PINASTHIKA M RENT","JL SEMERU RAYA NO 60 RT 3 RW 5 GJMK SMG");
INSERT INTO t_inventory_bengkel VALUES("MHKB3BA1JFK034248","K3MG56962","H 1822 SZ","GRANDMAX","WHITE","CUST_BR.080918.000025","PT MITRA PINASTHIKA M RENT","JL SEMERU RAYA NO 60 RT 3/5 GJMK SMG");
INSERT INTO t_inventory_bengkel VALUES("MHKM5EA2JGK015226","1NRF197567","H 8905 ZZ","AVANZA","BLACK","CUST_BR.080918.000025","PT MITRA PINASTHIKA M RENT","PT MITRA PINASTHIKA MUSTIKA RENT");
INSERT INTO t_inventory_bengkel VALUES("MK2NCWTARJJ005722","4A91DA8726","H 9309 HR","XPANDER","WHITE","CUST_BR.130918.000027","AGOESTINA WIDIYASTOETI, ST","JL KANFER RAYA BLOK U-11 RT05/07 PADANGSARI BYMN S");
INSERT INTO t_inventory_bengkel VALUES("MHRDD1750JJ705784","L12B31907153","H 9470 QL","BRIO","AA","CUST_BR.130918.000029","MEY FITRI RAHAYU","PERUM PURI DELTA ASRI 5 BLOK E-4 RT 02/14 KALONGAN");
INSERT INTO t_inventory_bengkel VALUES("MHRRE3850AJ007209","K24Z14827179","H 80 NN","CRV","WHITE","CUST_BR.130918.000028","PETRUS CHANDRA","PURI ANJASMORO BLOK O-1/18 RT 3/8 TAWANGSARI SEMAR");
INSERT INTO t_inventory_bengkel VALUES("MHFAB3EM0J0007953","2GDFTV2393","H 777 DE","INNOVA","WHITE","CUST_BR.140818.000005","DWI ENI RATNAWATI","PATEMON RT 3/1 GNPT SMG");
INSERT INTO t_inventory_bengkel VALUES("MHRRU1830FJ402170","L15Z61021108","H 9234 PZ","HRV","AAM","CUST_BR.140918.000030","TAHMIDA YUSTISIA AK.ARIF","JL BUKIT CEMPAKA RAYA C.102 A RT 07 SENDANGMULYO T");
INSERT INTO t_inventory_bengkel VALUES("MHFJB8EM2H1024139","2GD4348295","H 8802 VG","INNOVA","SILVER","CUST_BR.080918.000025","PT MITRA PINASTHIKA M RENT","JL SEMERU RAYA NO 60 RT 3/5 GJMK SMG");
INSERT INTO t_inventory_bengkel VALUES("MHFXW43G7C1064146","1TR7267699","H 8966 FQ","INNOVA","SILVER","CUST_BR.140918.000031","PRAMUDITYO IMAM NUGROHO","JL TMN MAGNOLIA A-2/1 RT 3/3 SMG BRT");
INSERT INTO t_inventory_bengkel VALUES("MHKS5GJ6JHJ023170","3NRH142230","H 9044 SG","SIGRA","RD","CUST_BR.090818.000001","ESTER ARI INDRIYANI","PERUM KETILENG INDAH N-122 RT 01/13 TEMBALANG SEMA");
INSERT INTO t_inventory_bengkel VALUES("MHRDD1750HJ702197","L12B31840974","H 8453 HP","BRIO","WHITE","CUST_BR.170918.000032","LIDYA MAYASARI","JL TIRTOYOSO I/20 RT 03/13 SMG TMR SMG");
INSERT INTO t_inventory_bengkel VALUES("MHRRU1730GJ501367","MHRRU1730GJ401367","H 8956 BP","HRV","AA","CUST_BR.180918.000033","SOETOMO SSOS","PADEPOKAN GANESA II BLOK B/59 RT 11/09 GAYAMSARI S");
INSERT INTO t_inventory_bengkel VALUES("MRHFK4840HT711073","L15B71675999","H 8599 NR","CIVIC","BLCK","CUST_BR.190918.000034","SUKARDJO","DK TUNGGU RT 1/9 METESEH TEMBALANG SEMARANG");
INSERT INTO t_inventory_bengkel VALUES("MHRDD4730HJ701691","L15Z13610805","H 8663 JP","MOBILIO","WHITE","CUST_BR.190918.000035","MECCA MEDINA SHOMADYA","JL BULU MAGERSARI NO 17 RT 01/05 SEMARANG");
INSERT INTO t_inventory_bengkel VALUES("MHFJB8EMIJI039883","2GD-FTV2393","H 18 RI","INNOVA","BLCK","CUST_BR.140818.000005","FACHRUDIN","NASMOCO GOMBEL");
INSERT INTO t_inventory_bengkel VALUES("MHFXW42G372088995","1TR6370591","H 9500 WG","INNOVA","BLCK","CUST_BR.140818.000005","FAK. KESEHATAN MASY. UNDIP","JL. PROF SODARTO, SH TBL SMG");
INSERT INTO t_inventory_bengkel VALUES("MHKE8FB3JJK005690","2NRF678087","H 8826 UP","RUSH","BROWN","CUST_BR.240918.000036","SONJA HADI WIBOWO","KEMUNING IV/16 RT4/4 SMG TGH");
INSERT INTO t_inventory_bengkel VALUES("MHRDD185OHJ712844","L12B31876735","H 8997 UG","BRIO","AA","CUST_BR.240918.000037","UTIK RULIYANTI","JL KYAI MOJO NO 17 RT 5/5 BANYUMANIK SEMARANG");
INSERT INTO t_inventory_bengkel VALUES("MMBGYKG40EF031221","4D56UCFT7578","H 7266 HC","PAJERO","WHITE","CUST_BR.250918.000038","MUTHIA AULIA PERMATASARI","JL MANGGA NO 18 RT 1/11UNGARAN UNGARAN BARAT SMG");
INSERT INTO t_inventory_bengkel VALUES("MHRGE88608J904375","L15A71744661","H 54 L","JAZZ","AA","CUST_BR.170918.000032","YAYUK SULAIMI, SH","JL KAUMAN RAYA 19 RT 3/8 PDRG SMG");
INSERT INTO t_inventory_bengkel VALUES("MHKV3CA3JCK010375","DDE8982","H 9174 VR","GRANDMAX","BLCK","CUST_BR.080918.000025","PT MITRA PINASTHIKA M RENT","JL SEMERU RAYA NO 60 RT 03/05 GJMK SMG");
INSERT INTO t_inventory_bengkel VALUES("MHRGE88609J907342","L15A71733236","H 9488 NY","JAZZ","AA","CUST_BR.280918.000039","LIE DANU SUNCIPTO","JL ANJASMORO RAYA 34 SMGBRT");
INSERT INTO t_inventory_bengkel VALUES("MHKV5EA1JHK022274","1NRF261960","B 2279 TOF","XENIA","SILVER","CUST_BR.280918.000040","PT DIRGAPUTRA EKAPRATAMA","JL PULO BUARAN RAYA/EE/4/1 JAKTIM");
INSERT INTO t_inventory_bengkel VALUES("JMYLTCV2WGJ000203","4J11RT8221","H 8781 NR","DELICA","WHITE","CUST_BR.280918.000041","DWI ADI PURNOMO","JL MENTRI SUPENO NO 11 RT 09/04 SMG SLT SMG");
INSERT INTO t_inventory_bengkel VALUES("MHFM1BB2JBK001483","DJ61374","H 8589 G","AVANZA","AA","CUST_BR.140818.000005","RAHAYU RESTIANINGTIYAS","JL. KARANGGAWANG BARU NO.30 RT 03/06 TBLG SMG");
INSERT INTO t_inventory_bengkel VALUES("MHKS6DJ2JH1007299","1KRA421746","B 1326 COQ","SIGRA","BLCK","CUST_BR.011018.000043","PT CITRA SUKSES SEJATI","JAKARTA");



DROP TABLE t_kwitansi;

CREATE TABLE `t_kwitansi` (
  `no_kwitansi` varchar(20) NOT NULL,
  `tgl_kwitansi` timestamp NOT NULL DEFAULT CURRENT_TIMESTAMP ON UPDATE CURRENT_TIMESTAMP,
  `fk_pkb` varchar(20) NOT NULL,
  `total_gross_panel` double NOT NULL,
  `total_gross_part` double NOT NULL,
  `total_diskon_panel` double NOT NULL,
  `total_diskon_part` double NOT NULL,
  `total_netto_panel` double NOT NULL,
  `total_netto_part` double NOT NULL,
  `total_ppn_kwitansi` double NOT NULL,
  `total_kwitansi` double NOT NULL,
  `materai` enum('0','6000') NOT NULL,
  `total_payment` double NOT NULL,
  `keterangan_batal` text NOT NULL,
  `tgl_batal` timestamp NOT NULL DEFAULT '0000-00-00 00:00:00',
  PRIMARY KEY (`no_kwitansi`)
) ENGINE=InnoDB DEFAULT CHARSET=latin1;

INSERT INTO t_kwitansi VALUES("SI_BR.011018.000043","2018-10-01 15:56:39","PKB_BR.280918.000032","1481814","1827272","0","0","1481814","1827272","330908.6","3309086","0","3639994.6","","0000-00-00 00:00:00");
INSERT INTO t_kwitansi VALUES("SI_BR.030918.000017","2018-09-03 09:20:12","PKB_BR.310818.000019","1022727","0","0","0","1022727","0","102272.7","1022727","0","1124999.7","","0000-00-00 00:00:00");
INSERT INTO t_kwitansi VALUES("SI_BR.030918.000018","2018-09-03 10:02:34","PKB_BR.310818.000020","1431817","0","0","0","1431817","0","143181.7","1431817","0","1274998.7","","0000-00-00 00:00:00");
INSERT INTO t_kwitansi VALUES("SI_BR.050918.000019","2018-09-05 13:58:02","PKB_BR.040918.000021","272727","0","0","0","272727","0","27272.7","272727","0","299999.7","","0000-00-00 00:00:00");
INSERT INTO t_kwitansi VALUES("SI_BR.050918.000020","2018-09-05 13:59:51","PKB_BR.040918.000022","2300000","0","0","0","2300000","0","230000","2300000","0","1930000","","0000-00-00 00:00:00");
INSERT INTO t_kwitansi VALUES("SI_BR.070918.000021","2018-09-07 15:34:22","PKB_BR.060918.000022","272727","0","0","0","272727","0","27272.7","272727","0","299999.7","","0000-00-00 00:00:00");
INSERT INTO t_kwitansi VALUES("SI_BR.080918.000022","2018-09-08 10:26:06","PKB_BR.080918.000023","790908","0","0","0","790908","0","79090.8","790908","0","569998.8","","0000-00-00 00:00:00");
INSERT INTO t_kwitansi VALUES("SI_BR.080918.000023","2018-09-08 10:38:26","PKB_BR.080918.000024","1477272","0","0","0","1477272","0","147727.2","1477272","0","1324999.2","","0000-00-00 00:00:00");
INSERT INTO t_kwitansi VALUES("SI_BR.080918.000024","2018-09-08 11:05:05","PKB_BR.080918.000026","1863635","0","0","0","1863635","0","186363.5","1863635","0","1449998.5","","0000-00-00 00:00:00");
INSERT INTO t_kwitansi VALUES("SI_BR.120918.000009","2018-09-12 13:10:41","PKB_BR.120918.000005","3293179","0","0","0","3293179","0","329317.9","3293179","0","2722496.9","","0000-00-00 00:00:00");
INSERT INTO t_kwitansi VALUES("SI_BR.120918.000016","2018-09-12 13:48:26","PKB_BR.120918.000017","1295454","3551075","0","0","1295454","3551075","484652.9","4846529","0","4731181.9","","0000-00-00 00:00:00");
INSERT INTO t_kwitansi VALUES("SI_BR.120918.000017","2018-09-12 15:52:55","PKB_BR.120918.000028","1799997","388636","0","0","1799997","388636","218863.3","2188633","0","1807496.3","","0000-00-00 00:00:00");
INSERT INTO t_kwitansi VALUES("SI_BR.120918.000018","2018-09-12 16:31:35","PKB_BR.080918.000028","772727","290909","0","0","772727","290909","106363.6","1063636","0","1169999.6","","0000-00-00 00:00:00");
INSERT INTO t_kwitansi VALUES("SI_BR.120918.000019","2018-09-12 16:43:54","PKB_BR.080918.000030","1045454","0","0","0","1045454","0","104545.4","1045454","0","1149999.4","","0000-00-00 00:00:00");
INSERT INTO t_kwitansi VALUES("SI_BR.140918.000020","2018-09-14 17:14:13","PKB_BR.300818.000018","3636363","0","0","0","3636363","0","363636.3","3636363","0","3999999.3","","0000-00-00 00:00:00");
INSERT INTO t_kwitansi VALUES("SI_BR.150818.000001","2018-08-15 01:21:14","PKB_BR.150818.000001","909091","0","0","0","909091","0","90909.1","909091","0","1000000.1","","0000-00-00 00:00:00");
INSERT INTO t_kwitansi VALUES("SI_BR.150818.000002","2018-08-15 01:58:00","PKB_BR.150818.000002","272727","0","0","0","272727","0","27272.7","272727","0","299999.7","","0000-00-00 00:00:00");
INSERT INTO t_kwitansi VALUES("SI_BR.150818.000003","2018-08-15 02:11:02","PKB_BR.150818.000003","318182","0","0","0","318182","0","31818.2","318182","0","350000.2","","0000-00-00 00:00:00");
INSERT INTO t_kwitansi VALUES("SI_BR.150918.000021","2018-09-15 11:47:30","PKB_BR.140918.000035","636363","0","0","0","636363","0","63636.3","636363","0","399999.3","","0000-00-00 00:00:00");
INSERT INTO t_kwitansi VALUES("SI_BR.150918.000022","2018-09-15 12:00:29","PKB_BR.140918.000036","627272","0","0","0","627272","0","62727.2","627272","0","389999.2","","0000-00-00 00:00:00");
INSERT INTO t_kwitansi VALUES("SI_BR.150918.000023","2018-09-15 12:23:55","PKB_BR.140918.000034","1104544","0","0","0","1104544","0","110454.4","1104544","0","914998.4","","0000-00-00 00:00:00");
INSERT INTO t_kwitansi VALUES("SI_BR.150918.000024","2018-09-15 12:37:01","PKB_BR.130918.000029","477272","3918637","0","0","477272","3918637","439590.9","4395909","0","4535499.9","","0000-00-00 00:00:00");
INSERT INTO t_kwitansi VALUES("SI_BR.150918.000025","2018-09-15 12:51:34","PKB_BR.140918.000032","3334089","0","0","0","3334089","0","333408.9","3334089","0","2467497.9","","0000-00-00 00:00:00");
INSERT INTO t_kwitansi VALUES("SI_BR.200918.000026","2018-09-20 12:34:25","PKB_BR.080918.000029","3363637","1336363","0","0","3363637","1336363","470000","4700000","0","5170000","","0000-00-00 00:00:00");
INSERT INTO t_kwitansi VALUES("SI_BR.200918.000027","2018-09-20 12:55:57","PKB_BR.180918.000034","1136363","0","0","0","1136363","0","113636.3","1136363","0","1249999.3","","0000-00-00 00:00:00");
INSERT INTO t_kwitansi VALUES("SI_BR.200918.000028","2018-09-20 14:51:51","PKB_BR.190918.000035","1681818","6687873","0","0","1681818","6687873","836969.1","8369691","0","8606660.1","","0000-00-00 00:00:00");
INSERT INTO t_kwitansi VALUES("SI_BR.200918.000029","2018-09-20 15:08:25","PKB_BR.190918.000036","659091","1002177","0","0","659091","1002177","166126.8","1661268","0","1527394.8","","0000-00-00 00:00:00");
INSERT INTO t_kwitansi VALUES("SI_BR.200918.000030","2018-09-20 16:11:13","PKB_BR.200918.000037","90909","0","0","0","90909","0","9090.9","90909","0","99999.9","","0000-00-00 00:00:00");
INSERT INTO t_kwitansi VALUES("SI_BR.200918.000031","2018-09-20 16:28:07","PKB_BR.170918.000034","272727","0","0","0","272727","0","27272.7","272727","0","299999.7","","0000-00-00 00:00:00");
INSERT INTO t_kwitansi VALUES("SI_BR.210818.000004","2018-08-21 03:16:41","PKB_BR.210818.000005","363636","0","0","0","363636","0","36363.6","363636","0","399999.6","","0000-00-00 00:00:00");
INSERT INTO t_kwitansi VALUES("SI_BR.220918.000032","2018-09-22 11:25:27","PKB_BR.210918.000035","272726","272728","0","0","272726","272728","54545.4","545454","0","599999.4","","0000-00-00 00:00:00");
INSERT INTO t_kwitansi VALUES("SI_BR.220918.000033","2018-09-22 11:34:38","PKB_BR.130918.000030","1363636","0","0","0","1363636","0","136363.6","1363636","0","1499999.6","","0000-00-00 00:00:00");
INSERT INTO t_kwitansi VALUES("SI_BR.250818.000005","2018-08-25 07:53:20","PKB_BR.230818.000008","545454","0","0","0","545454","0","54545.4","545454","0","599999.4","","0000-00-00 00:00:00");
INSERT INTO t_kwitansi VALUES("SI_BR.250918.000034","2018-09-25 09:07:57","PKB_BR.080918.000025","1600000","0","0","0","1600000","0","160000","1600000","0","1460000","","0000-00-00 00:00:00");
INSERT INTO t_kwitansi VALUES("SI_BR.250918.000035","2018-09-25 09:45:43","PKB_BR.240918.000033","1181818","0","0","0","1181818","0","118181.8","1181818","0","399999.8","","0000-00-00 00:00:00");
INSERT INTO t_kwitansi VALUES("SI_BR.250918.000036","2018-09-25 10:00:35","PKB_BR.240918.000032","2560000","4108500","0","0","2560000","4108500","666850","6668500","0","6735350","","0000-00-00 00:00:00");
INSERT INTO t_kwitansi VALUES("SI_BR.250918.000037","2018-09-25 16:01:56","PKB_BR.140918.000033","2999996","0","0","0","2999996","0","299999.6","2999996","0","3299995.6","","0000-00-00 00:00:00");
INSERT INTO t_kwitansi VALUES("SI_BR.260918.000038","2018-09-26 08:48:45","PKB_BR.130918.000031","1090910","1038000","0","0","1090910","1038000","212891","2128910","0","2341801","","0000-00-00 00:00:00");
INSERT INTO t_kwitansi VALUES("SI_BR.260918.000039","2018-09-26 14:44:41","PKB_BR.250918.000033","272727","0","0","0","272727","0","27272.7","272727","0","299999.7","","0000-00-00 00:00:00");
INSERT INTO t_kwitansi VALUES("SI_BR.270818.000006","2018-08-27 10:02:48","PKB_BR.230818.000011","1681817","2394000","0","0","1681817","2394000","407581.7","4075817","0","4183398.7","","0000-00-00 00:00:00");
INSERT INTO t_kwitansi VALUES("SI_BR.270818.000008","2018-09-08 11:40:42","PKB_BR.160818.000004","4025000","0","402500","0","3622500","0","362250","3622500","0","3984750","terdapat kesalahan perhitungan","2018-09-08 11:40:42");
INSERT INTO t_kwitansi VALUES("SI_BR.270818.000009","2018-08-27 11:55:57","PKB_BR.210818.000006","1015000","0","0","0","1015000","0","101500","1015000","0","1116500","","0000-00-00 00:00:00");
INSERT INTO t_kwitansi VALUES("SI_BR.270818.000010","2018-08-27 12:20:49","PKB_BR.230818.000010","272727","0","0","0","272727","0","27272.7","272727","0","299999.7","","0000-00-00 00:00:00");
INSERT INTO t_kwitansi VALUES("SI_BR.270818.000011","2018-08-27 12:45:33","PKB_BR.230818.000007","454545","0","0","0","454545","0","45454.5","454545","0","499999.5","","0000-00-00 00:00:00");
INSERT INTO t_kwitansi VALUES("SI_BR.270918.000040","2018-09-27 07:36:10","PKB_BR.240918.000031","909090","0","0","0","909090","0","90909","909090","0","999999","","0000-00-00 00:00:00");
INSERT INTO t_kwitansi VALUES("SI_BR.280818.000012","2018-08-28 13:10:07","PKB_BR.240818.000012","1590906","0","0","0","1590906","0","159090.6","1590906","0","1749996.6","","0000-00-00 00:00:00");
INSERT INTO t_kwitansi VALUES("SI_BR.280818.000013","2018-08-28 15:32:08","PKB_BR.270818.000013","545454","0","0","0","545454","0","54545.4","545454","0","599999.4","","0000-00-00 00:00:00");
INSERT INTO t_kwitansi VALUES("SI_BR.290818.000014","2018-08-29 10:03:45","PKB_BR.290818.000017","545454","0","0","0","545454","0","54545.4","545454","0","599999.4","","0000-00-00 00:00:00");
INSERT INTO t_kwitansi VALUES("SI_BR.290818.000015","2018-09-12 13:25:57","PKB_BR.290818.000016","1295454","3551075","0","0","1295454","3551075","484652.9","4846529","0","5031181.9","Terdapat Kesalahan pada OR","2018-09-12 13:25:57");
INSERT INTO t_kwitansi VALUES("SI_BR.290918.000041","2018-09-29 12:52:43","PKB_BR.290918.000036","45454","1238250","0","0","45454","1238250","128370.4","1283704","0","1112074.4","","0000-00-00 00:00:00");
INSERT INTO t_kwitansi VALUES("SI_BR.290918.000042","2018-09-29 13:05:49","PKB_BR.290918.000035","2080000","6172725","0","0","2080000","6172725","825272.5","8252725","0","8777997.5","","0000-00-00 00:00:00");
INSERT INTO t_kwitansi VALUES("SI_BR.300818.000016","2018-08-30 12:17:04","PKB_BR.230818.000009","2272724","0","0","0","2272724","0","227272.4","2272724","0","2499996.4","","0000-00-00 00:00:00");



DROP TABLE t_kwitansi_or;

CREATE TABLE `t_kwitansi_or` (
  `no_kwitansi_or` varchar(20) NOT NULL,
  `tgl_kwitansi_or` timestamp NOT NULL DEFAULT CURRENT_TIMESTAMP ON UPDATE CURRENT_TIMESTAMP,
  `fk_estimasi` varchar(20) NOT NULL,
  `nilai_kwitansi` double NOT NULL,
  `diskon_or` double DEFAULT NULL,
  `keterangan` text,
  `tgl_batal` timestamp NULL DEFAULT '0000-00-00 00:00:00',
  `keterangan_batal` varchar(255) NOT NULL DEFAULT '',
  PRIMARY KEY (`no_kwitansi_or`)
) ENGINE=InnoDB DEFAULT CHARSET=latin1;

INSERT INTO t_kwitansi_or VALUES("OR_BR.021018.000020","2018-10-02 13:00:54","EST_BR.250818.000014","0","0","1 (satu) kali Resiko Sendiri Asuransi Pan Pacific, Honda Jazz H 500 CI","2018-10-02 13:00:54","Salah nominal");
INSERT INTO t_kwitansi_or VALUES("OR_BR.030918.000006","2018-09-03 09:16:20","EST_BR.310818.000021","300000","0","1 (satu) Kali OR Honda Jazz H 8765 YF","0000-00-00 00:00:00","");
INSERT INTO t_kwitansi_or VALUES("OR_BR.050918.000007","2018-09-05 10:14:54","EST_BR.030918.000022","600000","0","2 (dua) kali OR kendaraan Pajero Sport NO Pol. H 7307 CF","0000-00-00 00:00:00","");
INSERT INTO t_kwitansi_or VALUES("OR_BR.080918.000008","2018-09-08 10:23:20","EST_BR.070918.000026","300000","0","1 (satu) Kali kesalahan sendiri/OR kendaraan Daihatsu Terios No Pol. B 2041 SFJ","0000-00-00 00:00:00","");
INSERT INTO t_kwitansi_or VALUES("OR_BR.080918.000009","2018-09-08 10:36:10","EST_BR.080918.000027","300000","0","1 (satu) Kali kesalahan sendiri/OR kendaraan Honda Mobilio No Pol. K 8483 JL","0000-00-00 00:00:00","");
INSERT INTO t_kwitansi_or VALUES("OR_BR.080918.000010","2018-09-08 11:00:49","EST_BR.080918.000028","600000","0","2 (dua) kali Kesalahan Sendiri/OR kendaraan Brio H 9404 TG","0000-00-00 00:00:00","");
INSERT INTO t_kwitansi_or VALUES("OR_BR.120918.000006","2018-09-12 13:44:16","EST_BR.120918.000034","600000","0","2 (dua) kali OR/kesalahan sendiri kendaraan Honda Brio H 8624 TC","0000-00-00 00:00:00","");
INSERT INTO t_kwitansi_or VALUES("OR_BR.120918.000007","2018-09-12 15:50:16","EST_BR.120918.000035","600000","0","2 (dua) kali OR/Resiko Sendiri kendaraan Toyota Innova H 8710 HD","0000-00-00 00:00:00","");
INSERT INTO t_kwitansi_or VALUES("OR_BR.120918.000011","2018-09-12 13:07:56","EST_BR.120918.000033","900000","0","3 (tiga) kali OR / Kesalahan Sendiri kendaraan Toyota Calya H 8965 SG","0000-00-00 00:00:00","");
INSERT INTO t_kwitansi_or VALUES("OR_BR.150818.000001","2018-08-15 01:19:26","EST_BR.140818.000004","0","0","0","0000-00-00 00:00:00","");
INSERT INTO t_kwitansi_or VALUES("OR_BR.150818.000002","2018-08-15 06:21:18","EST_BR.130818.000002","0","0","0","0000-00-00 00:00:00","");
INSERT INTO t_kwitansi_or VALUES("OR_BR.150818.000003","2018-08-15 06:21:46","EST_BR.100818.000001","0","0","0","0000-00-00 00:00:00","");
INSERT INTO t_kwitansi_or VALUES("OR_BR.150918.000008","2018-09-15 11:42:19","EST_BR.130918.000038","300000","0","1 (satu) Kali resiko sendiri / OR Kendaraan M. Xpander H 9309 HR","0000-00-00 00:00:00","");
INSERT INTO t_kwitansi_or VALUES("OR_BR.150918.000009","2018-09-15 11:57:42","EST_BR.140918.000043","300000","0","1 (satu) kali Resiko Sendiri / OR Kendaraan Mitsubishi Xpander H 9309 HR","0000-00-00 00:00:00","");
INSERT INTO t_kwitansi_or VALUES("OR_BR.150918.000010","2018-09-15 12:22:06","EST_BR.140918.000042","300000","0","1 (satu) Kali resiko sendiri / OR Kendaraan Daihatsu Sigra H 9044 SG","0000-00-00 00:00:00","");
INSERT INTO t_kwitansi_or VALUES("OR_BR.150918.000011","2018-09-15 12:34:19","EST_BR.130918.000036","300000","0","1 (satu) Kali resiko sendiri / OR Kendaraan Honda Brio H 9470 QL","0000-00-00 00:00:00","");
INSERT INTO t_kwitansi_or VALUES("OR_BR.150918.000012","2018-09-15 12:48:45","EST_BR.140918.000040","1200000","0","4 (empat) kali Resiko Sendiri / OR Kendaraan Honda HRV H 9234 PZ","0000-00-00 00:00:00","");
INSERT INTO t_kwitansi_or VALUES("OR_BR.200918.000013","2018-09-20 14:49:38","EST_BR.190918.000048","600000","0","2 (dua) kali OR/Resiko sendiri Kendaraan Honda CIVIV No. Pol H 8599 NR","0000-00-00 00:00:00","");
INSERT INTO t_kwitansi_or VALUES("OR_BR.200918.000014","2018-09-20 15:04:54","EST_BR.190918.000049","300000","0","1 (satu) kali resiko sendiri / OR kendaraan Honda Mobilio No.Pol H 8663 JP","0000-00-00 00:00:00","");
INSERT INTO t_kwitansi_or VALUES("OR_BR.250918.000015","2018-09-25 09:05:39","EST_BR.040918.000024","300000","0","1 (satu) Kali resiko sendiri / OR Kendaraan Honda Mobilio H 8755 VG","0000-00-00 00:00:00","");
INSERT INTO t_kwitansi_or VALUES("OR_BR.250918.000016","2018-09-25 09:44:35","EST_BR.240918.000053","900000","0","3 (tiga) kali OR / Resiko Sendiri kendaraan Honda Brio H 8997 UG","0000-00-00 00:00:00","");
INSERT INTO t_kwitansi_or VALUES("OR_BR.250918.000017","2018-09-25 09:59:05","EST_BR.180918.000047","600000","0","2 (dua) kali OR/Resiko sendiri Kendaraan Honda HRV No. Pol H 8956 BP","0000-00-00 00:00:00","");
INSERT INTO t_kwitansi_or VALUES("OR_BR.270818.000004","2018-08-27 10:01:48","EST_BR.230818.000010","300000","0","satu kali OR","0000-00-00 00:00:00","");
INSERT INTO t_kwitansi_or VALUES("OR_BR.290818.000005","2018-09-12 13:23:50","EST_BR.290818.000017","300000","0","satu kali OR","2018-09-12 13:23:50","kesalahan OR yang seharusnya 2 OR ini di tulis cuma satu OR karena  satu bayar panel dan yang satu cash");
INSERT INTO t_kwitansi_or VALUES("OR_BR.290918.000018","2018-09-29 12:49:52","EST_BR.290918.000060","300000","0","1 (satu) Kali resiko sendiri / OR Kendaraan MITSUBISHI DELICA H 8781 NR","0000-00-00 00:00:00","");
INSERT INTO t_kwitansi_or VALUES("OR_BR.290918.000019","2018-09-29 13:04:19","EST_BR.290918.000059","300000","0","1 (satu) Kali resiko sendiri / OR Kendaraan Daihatsu Xenia B 2279 TOF","0000-00-00 00:00:00","");



DROP TABLE t_panel;

CREATE TABLE `t_panel` (
  `id_panel` varchar(20) NOT NULL,
  `nama` varchar(200) NOT NULL,
  `harga_pokok` double NOT NULL,
  `harga_jual` double NOT NULL,
  `diskon` float NOT NULL,
  `ppn` float NOT NULL,
  PRIMARY KEY (`id_panel`)
) ENGINE=InnoDB DEFAULT CHARSET=latin1;

INSERT INTO t_panel VALUES("1","BUMPER DEPAN","330000","363000","0","10");
INSERT INTO t_panel VALUES("10","PANEL GRILL","148000","163000","0","10");
INSERT INTO t_panel VALUES("100","PANEL BAWAH STOP LAMP KIRI","136364","150000","0","10");
INSERT INTO t_panel VALUES("101","PANEL PINTU DALAM DEPAN KIRI","198000","218000","0","10");
INSERT INTO t_panel VALUES("102","PANEL PINTU DALAM DEPAN KANAN","198000","218000","0","10");
INSERT INTO t_panel VALUES("103","SPOILER BUMPER BELAKANG","206000","227000","0","10");
INSERT INTO t_panel VALUES("104","EXT BUMPER BELAKANG KIRI","123000","136000","0","10");
INSERT INTO t_panel VALUES("105","EXT BUMPER BELAKANG KANAN","123000","136000","0","10");
INSERT INTO t_panel VALUES("106","EXT BUMPER DEPAN KIRI","123000","136000","0","10");
INSERT INTO t_panel VALUES("107","EXT BUMPER DEPAN KANAN","123000","136000","0","10");
INSERT INTO t_panel VALUES("108","TUTUP TOWING","49586","54545","0","10");
INSERT INTO t_panel VALUES("109","BONGKAR PASANG SPION","45454","50000","0","10");
INSERT INTO t_panel VALUES("11","PANEL NOSE/ CROSSMEMBER","223000","245000","0","10");
INSERT INTO t_panel VALUES("12","KEDOK DEPAN/ PANEL DEPAN","446000","490000","0","10");
INSERT INTO t_panel VALUES("13","PIPI KANAN","99000","109000","0","10");
INSERT INTO t_panel VALUES("14","PANEL DEPAN KACA DEPAN/ COWEL","148000","163000","0","10");
INSERT INTO t_panel VALUES("15","TIANG KACA DEPAN","99000","109000","0","10");
INSERT INTO t_panel VALUES("16","KAP MESIN","471000","518000","0","10");
INSERT INTO t_panel VALUES("17","ENGSEL KAP MESIN","103000","113000","0","10");
INSERT INTO t_panel VALUES("18","TIANG LOCK UP","103000","113000","0","10");
INSERT INTO t_panel VALUES("19","LOCK KAP MOTOR","103000","113000","0","10");
INSERT INTO t_panel VALUES("2","EXT BUMPER DEPAN","123000","136000","0","10");
INSERT INTO t_panel VALUES("20","PANEL MASCOM","198000","218000","0","10");
INSERT INTO t_panel VALUES("21","PANEL DEK MESIN/ FIREWALL","198000","218000","0","10");
INSERT INTO t_panel VALUES("22","FENDER KANAN","371000","409000","0","10");
INSERT INTO t_panel VALUES("23","FENDER KIRI","371000","409000","0","10");
INSERT INTO t_panel VALUES("24","SPOILER FENDER DEPAN & BELAKANG (LEBAR)","198000","218000","0","10");
INSERT INTO t_panel VALUES("25","AFRONT DEPAN","247000","272000","0","10");
INSERT INTO t_panel VALUES("26","PANEL BODY BELAKANG/ PANEL MATI","198000","218000","0","10");
INSERT INTO t_panel VALUES("27","BODY SAMPING NON PINTU","471000","518000","0","10");
INSERT INTO t_panel VALUES("28","PINTU DEPAN KANAN","371000","409000","0","10");
INSERT INTO t_panel VALUES("29","PINTU TENGAH KANAN","371000","409000","0","10");
INSERT INTO t_panel VALUES("3","PANEL ATAS BUMPER DEPAN","173000","190000","0","10");
INSERT INTO t_panel VALUES("30","LIST BODY PINTU (GARNISH)/ SPOILER (KECIL)","99000","109000","0","10");
INSERT INTO t_panel VALUES("31","TIANG PINTU DEPAN KANAN","198000","218000","0","10");
INSERT INTO t_panel VALUES("32","TIANG PINTU TENGAH KANAN","198000","218000","0","10");
INSERT INTO t_panel VALUES("33","FREON (MAKSIMAL RP. 250.000,-)","198000","218000","0","10");
INSERT INTO t_panel VALUES("34","HANDLE PINTU","103000","113000","0","10");
INSERT INTO t_panel VALUES("35","TRIPLANG RH","223000","245000","0","10");
INSERT INTO t_panel VALUES("36","COVER SPION KIRI","123000","136000","0","10");
INSERT INTO t_panel VALUES("37","MUDGUARD","103000","113000","0","10");
INSERT INTO t_panel VALUES("38","PASANG KUNCI PINTU","103000","113000","0","10");
INSERT INTO t_panel VALUES("39","BONGKAR PASANG KACA PINTU","103000","113000","0","10");
INSERT INTO t_panel VALUES("4","B/P RADIATOR","99000","109000","0","10");
INSERT INTO t_panel VALUES("40","BONGKAR KACA QUARTER PNEL","123000","136000","0","10");
INSERT INTO t_panel VALUES("41","KAP BAGASI","413000","454000","0","10");
INSERT INTO t_panel VALUES("42","PANEL BAGASI","198000","218000","0","10");
INSERT INTO t_panel VALUES("44","FOOTSTEP","198000","218000","0","10");
INSERT INTO t_panel VALUES("45","COVER BAN SEREP","198000","218000","0","10");
INSERT INTO t_panel VALUES("46","BAK KANAN","396000","436000","0","10");
INSERT INTO t_panel VALUES("47","PINTU BAK (PICK UP)","297000","327000","0","10");
INSERT INTO t_panel VALUES("48","LANTAI/ DECK DEPAN/ BELAKANG","198000","218000","0","10");
INSERT INTO t_panel VALUES("49","LANTAI/ DECK TENGAH","198000","218000","0","10");
INSERT INTO t_panel VALUES("5","PANEL ATAS / BAWAH BUMPER DEPAN/ RADIATOR","198000","218000","0","10");
INSERT INTO t_panel VALUES("50","LANTAI/ DECK BAGASI","198000","218000","0","10");
INSERT INTO t_panel VALUES("51","LANTAI BAK PICK UP","297000","327000","0","10");
INSERT INTO t_panel VALUES("52","ROOF SEDAN","471000","518000","0","10");
INSERT INTO t_panel VALUES("53","TALANG AIR/ PANEL ROOF","223000","245000","0","10");
INSERT INTO t_panel VALUES("54","ROOF MINIBUS","520000","572000","0","10");
INSERT INTO t_panel VALUES("55","PLAFON INTERIOR BONGKAR PASANG","148000","163000","0","10");
INSERT INTO t_panel VALUES("56","BONGKAR PASANG KACA DEPAN","297000","327000","0","10");
INSERT INTO t_panel VALUES("57","PANEL BAWAH HEAD LAMP LB/LH","99000","109000","0","10");
INSERT INTO t_panel VALUES("58","PANEL BAWAH STOP LAMP","123000","136000","0","10");
INSERT INTO t_panel VALUES("59","CAT SATU BODY","5454000","6000000","0","10");
INSERT INTO t_panel VALUES("6","BREAKET (PANEL) ATAS/ BAWAH BUMPER","99000","109000","0","10");
INSERT INTO t_panel VALUES("60","TARIK CHASIS I(CAR O LINER)","1487000","1636000","0","10");
INSERT INTO t_panel VALUES("61","CHASIS DEPAN","347000","381000","0","10");
INSERT INTO t_panel VALUES("62","CHASIS BELAKANG","347000","381000","0","10");
INSERT INTO t_panel VALUES("63","DASHBOARD","148000","163000","0","10");
INSERT INTO t_panel VALUES("64","B/P AC SYSTEM","99000","109000","0","10");
INSERT INTO t_panel VALUES("65","SPOORING & BALANCING","148000","163000","0","10");
INSERT INTO t_panel VALUES("66","ELECTRICAL SYSTEM","99000","109000","0","10");
INSERT INTO t_panel VALUES("67","TURUN NAIK BODY","495000","545000","0","10");
INSERT INTO t_panel VALUES("68","LAS UNTUK PENGGANTIAN PANEL","198000","218000","0","10");
INSERT INTO t_panel VALUES("69","VELG","198000","218000","0","10");
INSERT INTO t_panel VALUES("7","TANDUK BUMPER","198000","218000","0","10");
INSERT INTO t_panel VALUES("70","B/P STEERING SYSTEM","99000","109000","0","10");
INSERT INTO t_panel VALUES("71","B/P KNALPOT","99000","109000","0","10");
INSERT INTO t_panel VALUES("72","TURUN NAIK MESIN","396000","436000","0","10");
INSERT INTO t_panel VALUES("73","B/P SUSPENSI","99000","109000","0","10");
INSERT INTO t_panel VALUES("74","QUARTER KANAN","371000","409000","0","10");
INSERT INTO t_panel VALUES("75","QUARTER KIRI","371000","409000","0","10");
INSERT INTO t_panel VALUES("76","PINTU BAGASI","371000","409000","0","10");
INSERT INTO t_panel VALUES("77","COVER SPION KANAN","123000","136000","0","10");
INSERT INTO t_panel VALUES("78","BUMPER BELAKANG","330000","363000","0","10");
INSERT INTO t_panel VALUES("79","PINTU TENGAH KIRI","371000","409000","0","10");
INSERT INTO t_panel VALUES("8","BULL HEAD (BUFFLE) KANAN","198000","218000","0","10");
INSERT INTO t_panel VALUES("80","EXT BUMPER BELAKANG","123000","136000","0","10");
INSERT INTO t_panel VALUES("81","PANEL ATAS BUMPER BELAKANG","173000","190000","0","10");
INSERT INTO t_panel VALUES("82","BULL HEAD (BUFFLE) KIRI","198000","218000","0","10");
INSERT INTO t_panel VALUES("83","PIPI KIRI","99000","109000","0","10");
INSERT INTO t_panel VALUES("84","TIANG KACA BELAKANG","99000","109000","0","10");
INSERT INTO t_panel VALUES("85","AFRONT BELAKANG","247000","272000","0","10");
INSERT INTO t_panel VALUES("86","PINTU DEPAN KIRI","371000","409000","0","10");
INSERT INTO t_panel VALUES("87","TIANG PINTU DEPAN KIRI","198000","218000","0","10");
INSERT INTO t_panel VALUES("88","TRIPLANG LH","223000","245000","0","10");
INSERT INTO t_panel VALUES("89","BONGKAR PASANG KACA BELAKANG","297000","327000","0","10");
INSERT INTO t_panel VALUES("9","GRILL DEPAN (WARNA BODY)","198000","218000","0","10");
INSERT INTO t_panel VALUES("90","TIANG PINTU TENGAH KIRI","198000","218000","0","10");
INSERT INTO t_panel VALUES("91","BAK KIRI","396000","436000","0","10");
INSERT INTO t_panel VALUES("92","POLES BODI","247933","272727","0","10");
INSERT INTO t_panel VALUES("93","SALON EKSTERIOR","450000","500000","0","10");
INSERT INTO t_panel VALUES("94","SALON INTERIOR","363000","400000","0","10");
INSERT INTO t_panel VALUES("95","SPOILER BUMPER DEPAN","206000","227000","0","10");
INSERT INTO t_panel VALUES("96","CAT KABIN PICK UP","3636363","4000000","0","10");
INSERT INTO t_panel VALUES("97","COVER TRIPLANG LH","245000","223000","0","10");
INSERT INTO t_panel VALUES("98","COVER TRIPLANG RH","245000","223000","0","10");
INSERT INTO t_panel VALUES("99","PANEL BAWAH STOP LAMP KANAN","136364","150000","0","10");



DROP TABLE t_part;

CREATE TABLE `t_part` (
  `id_part` varchar(50) NOT NULL,
  `nama` varchar(50) NOT NULL,
  `fk_satuan` varchar(50) NOT NULL,
  `harga_beli` double NOT NULL,
  `harga_jual` double NOT NULL,
  `diskon` float NOT NULL,
  `ppn` float NOT NULL,
  `stock` int(11) NOT NULL,
  `fk_supplier` varchar(50) NOT NULL,
  `tgl_masuk` datetime NOT NULL,
  PRIMARY KEY (`id_part`)
) ENGINE=InnoDB DEFAULT CHARSET=latin1;

INSERT INTO t_part VALUES("AIRRADIATORCOOLENT","AIR RADIATOR COOLENT","PCS","80000","90000","0","10","1","HOHO","2018-09-28 08:06:24");
INSERT INTO t_part VALUES("BASEGRILLAVANZA","BASE GRILLE AVANZA (53111-BZ110)","PCS","139500","155000","0","10","1","VBR","2018-09-29 10:22:56");
INSERT INTO t_part VALUES("BUMPDEPANGRANDMAX","BUMPER DEPAN GRAND MAX (52119-bz480)","PCS","371000","404545","0","10","1","HOHO","2018-09-08 15:24:11");
INSERT INTO t_part VALUES("BUMPERFRXENIA16","BUMPER DEPAN XENIA (D52101-BZA20)","PCS","980000","1550000","0","10","1","HOHO","2018-09-29 11:47:54");
INSERT INTO t_part VALUES("CFAVANZA","COVER FOG LAMP AVANZA R/L","PCS","200000","290909","0","10","1","HOHO","2018-09-08 15:08:40");
INSERT INTO t_part VALUES("CONDENSORXENIA16","CONDENSOR XENIA (D88460-BZ060)","PCS","630000","893000","0","10","1","HOHO","2018-09-29 11:54:45");
INSERT INTO t_part VALUES("COWELDEPANLHXENIA16","COWEL DEPAN LH XENIA (D53446-BZ060)","PCS","0","77000","0","10","1","NASMOCOGOMBEL","2018-09-29 11:51:25");
INSERT INTO t_part VALUES("CSINNOVA","COVER SPION INNOVA","PCS","360000","388636","0","10","1","","2018-09-08 14:45:39");
INSERT INTO t_part VALUES("ENGSEL","ENGSEL KAP MESIN LH (D53420-HZ060)","PCS","75000","70000","0","10","1","DM","2018-09-29 11:13:26");
INSERT INTO t_part VALUES("FOGLAMASSGRANDMAX","FOG LAMP AKSESORIS GRANDMAX","UNT","150000","227273","0","10","1","HOHO","2018-09-08 15:26:09");
INSERT INTO t_part VALUES("FREON","ISI FREON AC","LTR","200000","250000","0","10","1","BERDIKARIAC","2018-09-29 11:25:25");
INSERT INTO t_part VALUES("GRILGRANDMAX","GRIL DEPAN GRANDMAX (53114-bz010-001)","PCS","81840","90909","0","10","1","HOHO","2018-09-08 15:21:20");
INSERT INTO t_part VALUES("GRILHONDABRIO","GRIL HONDA BRIO (71120TG1T11)","PCS","1225830","1303325","0","10","1","NICHO","2018-08-29 09:38:45");
INSERT INTO t_part VALUES("H-LBP","LOWER BUMPER DEPAN H JAZZ GK5 (71162T5A000)","PCS","433000","477000","5","10","1","","2018-08-10 09:34:28");
INSERT INTO t_part VALUES("HEADLAMPBRIO","HEAD LAMP HONDA BRIO (33100TG1T51)","UNT","442820","449550","0","10","1","NICHO","2018-08-29 09:45:21");
INSERT INTO t_part VALUES("HEADLAMPCIVICRH","HEAD LAMP CIVIC RH (33100TEDB11)","PCS","5897100","7356660","0","10","1","AWL","2018-09-19 11:42:13");
INSERT INTO t_part VALUES("HEADLAMPGRANDMAXRH","HEAD LAMP GRAND MAX RH (81110-50BZB0","PCS","739500","870000","0","10","1","HOHO","2018-09-28 08:10:06");
INSERT INTO t_part VALUES("HEADLAMPHMOBILIO2017","HEAD LAMP HONDA MOBILIO RH (33100TE7T51)","PCS","883575","1102395","0","10","1","AWL","2018-09-19 12:41:15");
INSERT INTO t_part VALUES("HEADLAMPHRV","HEAD LAMP HRV LH (33150T7ST51)","PCS","2570200","3427600","0","0","1","BMAM","2018-09-18 11:26:00");
INSERT INTO t_part VALUES("HEADLAMPLHXENIA16","HEAD LAMP LH XENIA (D81150-BZ390)","PCS","735000","1050000","0","10","1","HOHO","2018-09-29 11:49:04");
INSERT INTO t_part VALUES("HOODMOULDINGAVANZA","HOOD MOULDING CHROOME AVANZA (75700-B2060)","PCS","288000","320000","0","10","1","VBR","2018-09-29 10:21:26");
INSERT INTO t_part VALUES("KAPMESBRIO","KAP MESIN HONDA BRIO (70100tg1t00)","PCS","1691280","1798200","0","10","1","NICHO","2018-08-29 09:35:05");
INSERT INTO t_part VALUES("KAPMESINXENIA","KAP MESIN XENIA (D53301-BZ290)","PCS","1015000","1400000","0","10","1","HOHO","2018-09-29 10:51:02");
INSERT INTO t_part VALUES("MUDRRK","MUDGUARD RR KIRI D-XEN (81910-B2090)","PCS","90000","100000","0","10","1","","2018-08-09 11:02:10");
INSERT INTO t_part VALUES("PINTUDEPANKIRIBRIO","PINTU DEPAN KIRI BRIO (67050TG1T00)","PCS","4109809","4310500","0","10","1","NICHO","2018-09-13 11:37:27");
INSERT INTO t_part VALUES("radiatorgrandmax","RADIATOR GRAND MAX (16400-B2280)","PCS","892500","1050000","0","10","1","HOHO","2018-09-28 08:01:56");
INSERT INTO t_part VALUES("RADIATORXENIA16","RADIATOR XENIA (D16400-BZ680)","UNT","980000","1400000","0","10","1","HOHO","2018-09-29 11:53:15");
INSERT INTO t_part VALUES("RBK","REFLEKTOR BELAKANG KANAN D-XEN(DNX012-10090)","PCS","251000","277000","0","10","1","","2018-08-09 10:59:57");
INSERT INTO t_part VALUES("SENSPIONMITSUBISHIDELICALH","SEN SPION MITSUBISHI DELICA LH (8351A035)","UNT","1206500","1397000","0","10","1","","2018-09-29 12:27:56");
INSERT INTO t_part VALUES("SILENKACAMOBIL","SILEN TUBE","PCS","90000","136364","0","10","2","","2018-09-21 08:14:15");
INSERT INTO t_part VALUES("STIKERPINTULH","STIKER PINTU DEPAN KIRI CRV (AKSESORIS)","PCS","214896","244200","0","10","1","NICHO","2018-09-13 13:43:51");
INSERT INTO t_part VALUES("STIKERPINTURH","STIKER PINTU DEPAN KANAN CRV (AKSESORIS)","PCS","214896","244200","0","10","1","NICHO","2018-09-13 13:46:57");
INSERT INTO t_part VALUES("STIKERPINTUTENGAHKANAN","STIKER PINTU TENGAH KANAN (AKSESORIS)","PCS","214896","244200","0","10","1","NICHO","2018-09-13 13:50:29");
INSERT INTO t_part VALUES("STOPERENGSELPINTUTENGAHLH","STOPER ENGSEL PINTU TENGAH LH","PCS","327360","409200","0","10","1","NICHO","2018-09-13 13:52:43");
INSERT INTO t_part VALUES("STOPLAMP","STOP LAMP HONDA HRV KANAN (33502T7AG01","PCS","2285900","2772000","5","10","1","BMAM","2018-08-23 11:34:33");
INSERT INTO t_part VALUES("STOPLAMPGRANDMAX","STOP LAMP GRANDMAX RH/LH (81561-bz100-000)","PCS","572000","613636","0","10","1","HOHO","2018-09-08 15:22:34");
INSERT INTO t_part VALUES("VELGDPNHRVLH","VELG DEPAN HRV LH (42700T7YT81)","PCS","1390950","1854600","0","10","1","BMAM","2018-09-18 11:35:52");



DROP TABLE t_partner_bank;

CREATE TABLE `t_partner_bank` (
  `id_partner_bank` varchar(20) NOT NULL,
  `nama` varchar(20) NOT NULL,
  `no_telp` varchar(20) NOT NULL,
  `alamat` text NOT NULL,
  PRIMARY KEY (`id_partner_bank`)
) ENGINE=InnoDB DEFAULT CHARSET=latin1;

INSERT INTO t_partner_bank VALUES("CIMB","PT. CIMB NIAGA","0271898989","SURAKARTA");
INSERT INTO t_partner_bank VALUES("MANDIRI","PT. BANK MANDIRI","024613323","SEMARANG");



DROP TABLE t_pkb;

CREATE TABLE `t_pkb` (
  `id_pkb` varchar(50) NOT NULL,
  `tgl` timestamp NOT NULL DEFAULT CURRENT_TIMESTAMP ON UPDATE CURRENT_TIMESTAMP,
  `kategori` varchar(10) NOT NULL,
  `fk_no_chasis` varchar(50) NOT NULL,
  `fk_no_mesin` varchar(50) NOT NULL,
  `fk_no_polisi` varchar(50) NOT NULL,
  `fk_customer` varchar(50) NOT NULL,
  `fk_asuransi` varchar(50) NOT NULL,
  `km_masuk` varchar(50) NOT NULL,
  `fk_user` varchar(50) NOT NULL,
  `total_gross_harga_panel` double NOT NULL,
  `total_diskon_rupiah_panel` double NOT NULL,
  `total_netto_harga_panel` double NOT NULL,
  `total_gross_harga_part` double NOT NULL,
  `total_diskon_rupiah_part` double NOT NULL,
  `total_netto_harga_part` double NOT NULL,
  `total_gross_harga_jasa` double NOT NULL,
  `total_diskon_rupiah_jasa` double NOT NULL,
  `total_netto_harga_jasa` double NOT NULL,
  `tgl_batal` timestamp NULL DEFAULT '0000-00-00 00:00:00',
  `fk_estimasi` varchar(50) DEFAULT NULL,
  `status_pkb` enum('Buka','Tutup','','') NOT NULL DEFAULT 'Buka',
  PRIMARY KEY (`id_pkb`)
) ENGINE=InnoDB DEFAULT CHARSET=latin1;

INSERT INTO t_pkb VALUES("PKB_BR.011018.000036","2018-10-01 13:45:42","Pribadi","MHKS6DJ2JH1007299","1KRA421746","B 1326 COQ","CUST_BR.011018.000043","","46142","admin","409090","0","409090","0","0","0","409090","0","409090","0000-00-00 00:00:00","EST_BR.011018.000061","Buka");
INSERT INTO t_pkb VALUES("PKB_BR.040918.000021","2018-09-05 13:54:51","Pribadi","MRHGM25609P920551","9RS0MN7","H 711 NA","CUST_BR.310818.000017","","101719","admin","272727","0","272727","0","0","0","272727","0","272727","0000-00-00 00:00:00","EST_BR.040918.000023","Tutup");
INSERT INTO t_pkb VALUES("PKB_BR.040918.000022","2018-09-05 10:13:38","Asuransi","MHMBGUKR10GH027520","4N15UAT2983","H 7307 CF","CUST_BR.030918.000019","RAKSA","36063","admin","2300000","0","2300000","0","0","0","2300000","0","2300000","0000-00-00 00:00:00","EST_BR.030918.000022","Tutup");
INSERT INTO t_pkb VALUES("PKB_BR.060918.000022","2018-09-07 15:34:04","Pribadi","MHRDD1770FJ553838","L12B31454022","H 9135 CW","CUST_BR.100818.000003","","46059","admin","272727","0","272727","0","0","0","272727","0","272727","0000-00-00 00:00:00","EST_BR.060918.000025","Tutup");
INSERT INTO t_pkb VALUES("PKB_BR.080918.000023","2018-09-08 10:21:29","Asuransi","MHKG2CJ1JFK028551","337DF6702","B 2041 SFJ","CUST_BR.070918.000021","PANPACIFIC","66840","admin","790908","0","790908","0","0","0","790908","0","790908","0000-00-00 00:00:00","EST_BR.070918.000026","Tutup");
INSERT INTO t_pkb VALUES("PKB_BR.080918.000024","2018-09-08 10:35:14","Asuransi","MHRDD4730H3706476","L15z13632596","K 8483 JL","CUST_BR.070918.000022","PANPACIFIC","8181","admin","1477272","0","1477272","0","0","0","1477272","0","1477272","0000-00-00 00:00:00","EST_BR.080918.000027","Tutup");
INSERT INTO t_pkb VALUES("PKB_BR.080918.000025","2018-09-25 09:02:13","Asuransi","MHRDD4850HJ706273","LI5Z13627859","H 8755 VG","CUST_BR.040918.000020","RAKSA","15175","admin","1600000","0","1600000","0","0","0","1600000","0","1600000","0000-00-00 00:00:00","EST_BR.040918.000024","Tutup");
INSERT INTO t_pkb VALUES("PKB_BR.080918.000026","2018-09-08 10:59:14","Asuransi","MHRDD1750GJ713115","L12B31830756","H 9404 TG","CUST_BR.080918.000024","BESS","8510","admin","1863635","0","1863635","0","0","0","1863635","0","1863635","0000-00-00 00:00:00","EST_BR.080918.000028","Tutup");
INSERT INTO t_pkb VALUES("PKB_BR.080918.000027","2018-09-12 15:28:13","Asuransi","MHFXW42G792144729","1TR6802389","H 8710 HD","CUST_BR.080918.000026","AXA","121954","admin","1799997","0","1799997","388636","0","388636","2188633","0","2188633","2018-09-12 15:28:13","EST_BR.080918.000029","Tutup");
INSERT INTO t_pkb VALUES("PKB_BR.080918.000028","2018-09-12 15:11:37","Pribadi","MHKM1BA3JDJ033056","MC24108","H 8740 AZ","CUST_BR.080918.000025","","113683","admin","772727","0","772727","290909","0","290909","1063636","0","1063636","0000-00-00 00:00:00","EST_BR.080918.000030","Tutup");
INSERT INTO t_pkb VALUES("PKB_BR.080918.000029","2018-09-20 12:33:36","Pribadi","MHKB3BA1JFK034248","K3MG56962","H 1822 SZ","CUST_BR.080918.000025","","154155","admin","3363637","0","3363637","1336363","0","1336363","4700000","0","4700000","0000-00-00 00:00:00","EST_BR.080918.000031","Tutup");
INSERT INTO t_pkb VALUES("PKB_BR.080918.000030","2018-09-12 15:12:04","Pribadi","MHKM5EA2JGK015226","1NRF197567","H 8905 ZZ","CUST_BR.080918.000025","","32642","admin","1045454","0","1045454","0","0","0","1045454","0","1045454","0000-00-00 00:00:00","EST_BR.080918.000032","Tutup");
INSERT INTO t_pkb VALUES("PKB_BR.120918.000005","2018-09-12 13:05:03","Asuransi","MHKA6GK6JHJ026520","3NRH145171","H 8965 SG","CUST_BR.160818.000006","PANPACIFIC","31508","admin","3293179","0","3293179","0","0","0","3293179","0","3293179","0000-00-00 00:00:00","EST_BR.120918.000033","Tutup");
INSERT INTO t_pkb VALUES("PKB_BR.120918.000017","2018-09-12 13:47:53","Asuransi","MHRDD1730HJ701262","L12B31869392","H 8624 TG","CUST_BR.290818.000015","PANPACIFIC","42252","admin","1295454","0","1295454","3551075","0","3551075","4846529","0","4846529","0000-00-00 00:00:00","EST_BR.120918.000034","Tutup");
INSERT INTO t_pkb VALUES("PKB_BR.120918.000028","2018-09-12 15:41:59","Asuransi","MHFXW42G792144729","1TR6802389","H 8710 HD","CUST_BR.080918.000026","AXA","121954","admin","1799997","0","1799997","388636","0","388636","2188633","0","2188633","0000-00-00 00:00:00","EST_BR.120918.000035","Tutup");
INSERT INTO t_pkb VALUES("PKB_BR.130918.000029","2018-09-15 12:33:07","Asuransi","MHRDD1750JJ705784","L12B31907153","H 9470 QL","CUST_BR.130918.000029","BESS","10514","admin","477272","0","477272","3918637","0","3918637","4395909","0","4395909","0000-00-00 00:00:00","EST_BR.130918.000036","Tutup");
INSERT INTO t_pkb VALUES("PKB_BR.130918.000030","2018-09-22 11:33:17","Pribadi","MHFAB3EM0J0007953","2GDFTV2393","H 777 DE","CUST_BR.140818.000005","","11499","admin","1363636","0","1363636","0","0","0","1363636","0","1363636","0000-00-00 00:00:00","EST_BR.130918.000039","Tutup");
INSERT INTO t_pkb VALUES("PKB_BR.130918.000031","2018-09-26 08:48:28","Pribadi","MHRRE3850AJ007209","K24Z14827179","H 80 NN","CUST_BR.130918.000028","","58467","admin","1090910","0","1090910","1038000","0","1038000","2128910","0","2128910","0000-00-00 00:00:00","EST_BR.130918.000037","Tutup");
INSERT INTO t_pkb VALUES("PKB_BR.140918.000032","2018-09-15 12:46:41","Asuransi","MHRRU1830FJ402170","L15Z61021108","H 9234 PZ","CUST_BR.140918.000030","PANPACIFIC","69057","admin","3334089","0","3334089","0","0","0","3334089","0","3334089","0000-00-00 00:00:00","EST_BR.140918.000040","Tutup");
INSERT INTO t_pkb VALUES("PKB_BR.140918.000033","2018-09-25 16:01:45","Pribadi","MHFXW43G7C1064146","1TR7267699","H 8966 FQ","CUST_BR.140918.000031","","104747","admin","2999996","0","2999996","0","0","0","2999996","0","2999996","0000-00-00 00:00:00","EST_BR.140918.000041","Tutup");
INSERT INTO t_pkb VALUES("PKB_BR.140918.000034","2018-09-15 12:19:45","Asuransi","MHKS5GJ6JHJ023170","3NRH142230","H 9044 SG","CUST_BR.090818.000001","BCA","29869","admin","1104544","0","1104544","0","0","0","1104544","0","1104544","0000-00-00 00:00:00","EST_BR.140918.000042","Tutup");
INSERT INTO t_pkb VALUES("PKB_BR.140918.000035","2018-09-15 11:38:23","Asuransi","MK2NCWTARJJ005722","4A91DA8726","H 9309 HR","CUST_BR.130918.000027","BCA","8148","admin","636363","0","636363","0","0","0","636363","0","636363","0000-00-00 00:00:00","EST_BR.130918.000038","Tutup");
INSERT INTO t_pkb VALUES("PKB_BR.140918.000036","2018-09-15 11:38:31","Asuransi","MK2NCWTARJJ005722","4A91DA8726","H 9309 HR","CUST_BR.130918.000027","BCA","8148","admin","627272","0","627272","0","0","0","627272","0","627272","0000-00-00 00:00:00","EST_BR.140918.000043","Tutup");
INSERT INTO t_pkb VALUES("PKB_BR.150818.000001","2018-08-15 01:21:03","Pribadi","MHFE2CK3JBK013404","3SZ-DCG4656","H 8542 CH","CUST_BR.140818.000005","","85000","admin","909091","0","909091","0","0","0","909091","0","909091","0000-00-00 00:00:00","EST_BR.140818.000004","Tutup");
INSERT INTO t_pkb VALUES("PKB_BR.150818.000002","2018-08-15 01:57:38","Pribadi","MHBG3CG1FEJ032963","HR15722935T","K 9088 AL","CUST_BR.100818.000002","","29184","admin","272727","0","272727","0","0","0","272727","0","272727","0000-00-00 00:00:00","EST_BR.130818.000002","Tutup");
INSERT INTO t_pkb VALUES("PKB_BR.150818.000003","2018-08-15 02:04:58","Pribadi","MHKV5EA1JGK008233","1NRF149984","H 9234 CP","CUST_BR.090818.000001","","60482","admin","318182","0","318182","0","0","0","318182","0","318182","0000-00-00 00:00:00","EST_BR.100818.000001","Tutup");
INSERT INTO t_pkb VALUES("PKB_BR.160818.000004","2018-09-12 08:50:29","Asuransi","MHKA6GK6JHJ026520","3NRH145171","H 8965 SG","CUST_BR.160818.000006","PANPACIFIC","31508","admin","4025000","402500","3622500","0","0","0","4025000","402500","3622500","2018-09-12 08:50:29","EST_BR.160818.000005","Tutup");
INSERT INTO t_pkb VALUES("PKB_BR.170918.000033","2018-09-17 11:04:08","Pribadi","MHFJB8EM2H1024139","2GD4348295","H 8802 VG","CUST_BR.080918.000025","","20765","admin","727272","0","727272","0","0","0","727272","0","727272","2018-09-17 11:04:08","EST_BR.170918.000044","Buka");
INSERT INTO t_pkb VALUES("PKB_BR.170918.000034","2018-09-20 16:26:45","Pribadi","MHRDD1750HJ702197","L12B31840974","H 8453 HP","CUST_BR.170918.000032","","31955","admin","272727","0","272727","0","0","0","272727","0","272727","0000-00-00 00:00:00","EST_BR.170918.000045","Tutup");
INSERT INTO t_pkb VALUES("PKB_BR.180918.000034","2018-09-20 12:55:38","Pribadi","MHFJB8EM2H1024139","2GD4348295","H 8802 VG","CUST_BR.080918.000025","","20765","admin","1136363","0","1136363","0","0","0","1136363","0","1136363","0000-00-00 00:00:00","EST_BR.170918.000046","Tutup");
INSERT INTO t_pkb VALUES("PKB_BR.190918.000035","2018-09-20 14:46:35","Asuransi","MRHFK4840HT711073","L15B71675999","H 8599 NR","CUST_BR.190918.000034","AM","4481","admin","1681818","0","1681818","6687873","0","6687873","8369691","0","8369691","0000-00-00 00:00:00","EST_BR.190918.000048","Tutup");
INSERT INTO t_pkb VALUES("PKB_BR.190918.000036","2018-09-20 15:03:12","Asuransi","MHRDD4730HJ701691","L15Z13610805","H 8663 JP","CUST_BR.190918.000035","AM","17337","admin","659091","0","659091","1002177","0","1002177","1661268","0","1661268","0000-00-00 00:00:00","EST_BR.190918.000049","Tutup");
INSERT INTO t_pkb VALUES("PKB_BR.200918.000037","2018-09-20 16:10:59","Pribadi","MHFJB8EMIJI039883","2GD-FTV2393","H 18 RI","CUST_BR.140818.000005","","805","admin","90909","0","90909","0","0","0","90909","0","90909","0000-00-00 00:00:00","EST_BR.200918.000050","Tutup");
INSERT INTO t_pkb VALUES("PKB_BR.210818.000005","2018-08-21 03:16:29","Pribadi","MHRG3850CJ213942","L15A7-9036202","H 168 GM","CUST_BR.210818.000007","","65000","admin","363636","0","363636","0","0","0","363636","0","363636","0000-00-00 00:00:00","EST_BR.210818.000006","Tutup");
INSERT INTO t_pkb VALUES("PKB_BR.210818.000006","2018-08-27 09:52:56","Asuransi","MHBG3CG1FEJ032963","HR15722935T","K 9088 AL","CUST_BR.100818.000002","BCA","29184","admin","1015000","0","1015000","0","0","0","1015000","0","1015000","0000-00-00 00:00:00","EST_BR.210818.000007","Tutup");
INSERT INTO t_pkb VALUES("PKB_BR.210918.000035","2018-09-22 11:25:02","Pribadi","MHFXW42G372088995","1TR6370591","H 9500 WG","CUST_BR.140818.000005","","115685","admin","272726","0","272726","272728","0","272728","545454","0","545454","0000-00-00 00:00:00","EST_BR.210918.000051","Tutup");
INSERT INTO t_pkb VALUES("PKB_BR.230818.000007","2018-08-27 12:45:16","Pribadi","MHRDD4850EJ416136","L15Z11123357","L 1732 YK","CUST_BR.230818.000008","","61315","admin","454545","0","454545","0","0","0","454545","0","454545","0000-00-00 00:00:00","EST_BR.230818.000008","Tutup");
INSERT INTO t_pkb VALUES("PKB_BR.230818.000008","2018-08-25 07:52:59","Pribadi","MHRDD1850HJ703426","L12B31845821","H 9267 MG","CUST_BR.100818.000003","","31557","admin","545454","0","545454","0","0","0","545454","0","545454","0000-00-00 00:00:00","EST_BR.230818.000009","Tutup");
INSERT INTO t_pkb VALUES("PKB_BR.230818.000009","2018-08-28 10:19:03","Pribadi","MHYHYC11S8J100459","M15IA100181","H 8055 DR","CUST_BR.230818.000009","","99768","admin","2272724","0","2272724","0","0","0","2272724","0","2272724","0000-00-00 00:00:00","EST_BR.230818.000011","Tutup");
INSERT INTO t_pkb VALUES("PKB_BR.230818.000010","2018-08-27 12:20:25","Pribadi","MRHFK4840JT711230","L15B71677007","H 36 AA","CUST_BR.230818.000011","","4564","admin","272727","0","272727","0","0","0","272727","0","272727","0000-00-00 00:00:00","EST_BR.230818.000012","Tutup");
INSERT INTO t_pkb VALUES("PKB_BR.230818.000011","2018-08-27 09:52:15","Asuransi","MHRRU1850FJ405168","L15Z61006237","H 807 NH","CUST_BR.230818.000010","ALLIANZ","22905","admin","1681817","0","1681817","2394000","0","2394000","4075817","0","4075817","0000-00-00 00:00:00","EST_BR.230818.000010","Tutup");
INSERT INTO t_pkb VALUES("PKB_BR.240818.000012","2018-08-28 13:09:21","Asuransi","MHRGK5860JJ800228","LI5Z51238090","H 8740 TP","CUST_BR.230818.000012","SOMPO","9417","admin","1590906","0","1590906","0","0","0","1590906","0","1590906","0000-00-00 00:00:00","EST_BR.230818.000013","Tutup");
INSERT INTO t_pkb VALUES("PKB_BR.240918.000031","2018-09-27 07:34:08","Pribadi","MHKE8FB3JJK005690","2NRF678087","H 8826 UP","CUST_BR.240918.000036","","5341","admin","909090","0","909090","0","0","0","909090","0","909090","0000-00-00 00:00:00","EST_BR.240918.000052","Tutup");
INSERT INTO t_pkb VALUES("PKB_BR.240918.000032","2018-09-25 09:56:54","Asuransi","MHRRU1730GJ501367","MHRRU1730GJ401367","H 8956 BP","CUST_BR.180918.000033","RAKSA","17587","admin","2560000","0","2560000","4108500","0","4108500","6668500","0","6668500","0000-00-00 00:00:00","EST_BR.180918.000047","Tutup");
INSERT INTO t_pkb VALUES("PKB_BR.240918.000033","2018-09-25 09:41:20","Asuransi","MHRDD185OHJ712844","L12B31876735","H 8997 UG","CUST_BR.240918.000037","BESS","16611","admin","1181818","0","1181818","0","0","0","1181818","0","1181818","0000-00-00 00:00:00","EST_BR.240918.000053","Tutup");
INSERT INTO t_pkb VALUES("PKB_BR.250918.000033","2018-09-26 14:43:25","Pribadi","MMBGYKG40EF031221","4D56UCFT7578","H 7266 HC","CUST_BR.250918.000038","","57662","admin","272727","0","272727","0","0","0","272727","0","272727","0000-00-00 00:00:00","EST_BR.250918.000054","Tutup");
INSERT INTO t_pkb VALUES("PKB_BR.260918.000032","2018-09-26 13:31:42","Pribadi","MHRGE88608J904375","L15A71744661","H 54 L","CUST_BR.170918.000032","","102559","admin","863636","0","863636","0","0","0","863636","0","863636","0000-00-00 00:00:00","EST_BR.260918.000055","Buka");
INSERT INTO t_pkb VALUES("PKB_BR.270818.000013","2018-08-28 10:19:55","Pribadi","MALBL51CLHM289624","G4LCGU583101","H 8475 RL","CUST_BR.270818.000013","","3593","admin","545454","0","545454","0","0","0","545454","0","545454","0000-00-00 00:00:00","EST_BR.270818.000015","Tutup");
INSERT INTO t_pkb VALUES("PKB_BR.280818.000014","2018-08-29 09:55:13","Pribadi","MHFXS42G1B2531956","2KD6920704","H 9380 CH","CUST_BR.280818.000014","","48192","admin","272727","0","272727","0","0","0","272727","0","272727","2018-08-29 09:55:13","EST_BR.280818.000016","Buka");
INSERT INTO t_pkb VALUES("PKB_BR.280818.000015","2018-10-01 14:42:05","Asuransi","MHR6K5860HJ800699","LI5Z51230260","H 500 CI","CUST_BR.100818.000004","PANPACIFIC","6000","admin","425000","0","425000","441224","0","441224","866224","0","866224","0000-00-00 00:00:00","EST_BR.250818.000014","Tutup");
INSERT INTO t_pkb VALUES("PKB_BR.280918.000032","2018-10-01 14:42:29","Pribadi","MHKV3CA3JCK010375","DDE8982","H 9174 VR","CUST_BR.080918.000025","","102526","admin","1481814","0","1481814","1827272","0","1827272","3309086","0","3309086","0000-00-00 00:00:00","EST_BR.270918.000056","Tutup");
INSERT INTO t_pkb VALUES("PKB_BR.280918.000033","2018-09-28 13:22:28","Pribadi","MHRGE88609J907342","L15A71733236","H 9488 NY","CUST_BR.280918.000039","","143044","admin","909090","0","909090","0","0","0","909090","0","909090","0000-00-00 00:00:00","EST_BR.280918.000057","Buka");
INSERT INTO t_pkb VALUES("PKB_BR.290818.000016","2018-09-12 13:28:05","Asuransi","MHRDD1730HJ701262","L12B31869392","H 8624 TG","CUST_BR.290818.000015","PANPACIFIC","42252","admin","1295454","0","1295454","3551075","0","3551075","4846529","0","4846529","2018-09-12 13:28:05","EST_BR.290818.000017","Tutup");
INSERT INTO t_pkb VALUES("PKB_BR.290818.000017","2018-08-29 10:03:26","Pribadi","MHFXS42G1B2531956","2KD6920704","H 9380 CH","CUST_BR.280818.000014","","48192","admin","545454","0","545454","0","0","0","545454","0","545454","0000-00-00 00:00:00","EST_BR.290818.000018","Tutup");
INSERT INTO t_pkb VALUES("PKB_BR.290918.000034","2018-09-29 10:41:58","Asuransi","MHFM1BB2JBK001483","DJ61374","H 8589 G","CUST_BR.140818.000005","AXA","146870","admin","1624089","0","1624089","410226","0","410226","2034315","0","2034315","0000-00-00 00:00:00","EST_BR.290918.000058","Buka");
INSERT INTO t_pkb VALUES("PKB_BR.290918.000035","2018-09-29 13:02:24","Asuransi","MHKV5EA1JHK022274","1NRF261960","B 2279 TOF","CUST_BR.280918.000040","RAKSA","30505","admin","2080000","0","2080000","6172725","0","6172725","8252725","0","8252725","0000-00-00 00:00:00","EST_BR.290918.000059","Tutup");
INSERT INTO t_pkb VALUES("PKB_BR.290918.000036","2018-09-29 12:48:37","Asuransi","JMYLTCV2WGJ000203","4J11RT8221","H 8781 NR","CUST_BR.280918.000041","BCA","","admin","45454","0","45454","1238250","0","1238250","1283704","0","1283704","0000-00-00 00:00:00","EST_BR.290918.000060","Tutup");
INSERT INTO t_pkb VALUES("PKB_BR.300818.000018","2018-09-14 17:13:37","Pribadi","MHYGDN41TGJ424159","G15AID377270","H 1730 LQ","CUST_BR.300818.000016","","22893","admin","3636363","0","3636363","0","0","0","3636363","0","3636363","0000-00-00 00:00:00","EST_BR.300818.000019","Tutup");
INSERT INTO t_pkb VALUES("PKB_BR.310818.000019","2018-09-03 09:07:42","Asuransi","MHRGE8840CJ201769","L15A74761692","H 8682 RQ","CUST_BR.310818.000017","ARTARINDO","83690","admin","1022727","0","1022727","0","0","0","1022727","0","1022727","0000-00-00 00:00:00","EST_BR.310818.000020","Tutup");
INSERT INTO t_pkb VALUES("PKB_BR.310818.000020","2018-09-03 09:07:54","Asuransi","MHRGK5860FJ601524","L15Z51026500","H 8765 YF","CUST_BR.310818.000018","AXA","4830.5","admin","1431817","0","1431817","0","0","0","1431817","0","1431817","0000-00-00 00:00:00","EST_BR.310818.000021","Tutup");



DROP TABLE t_pkb_panel_detail;

CREATE TABLE `t_pkb_panel_detail` (
  `id` int(11) NOT NULL AUTO_INCREMENT,
  `fk_pkb` varchar(20) NOT NULL,
  `fk_panel` varchar(20) NOT NULL,
  `harga_jual_panel` double DEFAULT NULL,
  `diskon_panel` float NOT NULL,
  `harga_diskon_panel` double DEFAULT NULL,
  `harga_total_pkb_panel` double NOT NULL,
  `mark_panel` enum('0','1') DEFAULT NULL,
  PRIMARY KEY (`id`)
) ENGINE=InnoDB AUTO_INCREMENT=239 DEFAULT CHARSET=latin1;

INSERT INTO t_pkb_panel_detail VALUES("1","PKB_BR.150818.000001","76","545455","0","0","545455","0");
INSERT INTO t_pkb_panel_detail VALUES("2","PKB_BR.150818.000001","78","363636","0","0","363636","");
INSERT INTO t_pkb_panel_detail VALUES("3","PKB_BR.150818.000002","92","272727","0","0","272727","0");
INSERT INTO t_pkb_panel_detail VALUES("4","PKB_BR.150818.000003","94","318182","0","0","318182","0");
INSERT INTO t_pkb_panel_detail VALUES("5","PKB_BR.160818.000004","1","275000","10","27500","247500","");
INSERT INTO t_pkb_panel_detail VALUES("6","PKB_BR.160818.000004","22","375000","10","37500","337500","1");
INSERT INTO t_pkb_panel_detail VALUES("7","PKB_BR.160818.000004","23","375000","10","37500","337500","");
INSERT INTO t_pkb_panel_detail VALUES("8","PKB_BR.160818.000004","86","375000","10","37500","337500","");
INSERT INTO t_pkb_panel_detail VALUES("9","PKB_BR.160818.000004","28","375000","10","37500","337500","1");
INSERT INTO t_pkb_panel_detail VALUES("10","PKB_BR.160818.000004","78","275000","10","27500","247500","");
INSERT INTO t_pkb_panel_detail VALUES("11","PKB_BR.160818.000004","79","375000","10","37500","337500","");
INSERT INTO t_pkb_panel_detail VALUES("12","PKB_BR.160818.000004","29","375000","10","37500","337500","1");
INSERT INTO t_pkb_panel_detail VALUES("13","PKB_BR.160818.000004","41","400000","10","40000","360000","1");
INSERT INTO t_pkb_panel_detail VALUES("14","PKB_BR.160818.000004","35","225000","10","22500","202500","");
INSERT INTO t_pkb_panel_detail VALUES("15","PKB_BR.160818.000004","88","225000","10","22500","202500","");
INSERT INTO t_pkb_panel_detail VALUES("16","PKB_BR.160818.000004","75","375000","10","37500","337500","");
INSERT INTO t_pkb_panel_detail VALUES("17","PKB_BR.210818.000005","93","363636","0","0","363636","");
INSERT INTO t_pkb_panel_detail VALUES("18","PKB_BR.210818.000006","29","375000","0","0","375000","0");
INSERT INTO t_pkb_panel_detail VALUES("19","PKB_BR.210818.000006","35","240000","0","0","240000","0");
INSERT INTO t_pkb_panel_detail VALUES("20","PKB_BR.210818.000006","74","400000","0","0","400000","0");
INSERT INTO t_pkb_panel_detail VALUES("21","PKB_BR.230818.000007","1","454545","0","0","454545","0");
INSERT INTO t_pkb_panel_detail VALUES("22","PKB_BR.230818.000008","1","272727","0","0","272727","0");
INSERT INTO t_pkb_panel_detail VALUES("23","PKB_BR.230818.000008","78","272727","0","0","272727","0");
INSERT INTO t_pkb_panel_detail VALUES("24","PKB_BR.230818.000009","1","363636","0","0","363636","0");
INSERT INTO t_pkb_panel_detail VALUES("25","PKB_BR.230818.000009","23","409090","0","0","409090","");
INSERT INTO t_pkb_panel_detail VALUES("26","PKB_BR.230818.000009","78","454545","0","0","454545","0");
INSERT INTO t_pkb_panel_detail VALUES("27","PKB_BR.230818.000009","74","454545","0","0","454545","0");
INSERT INTO t_pkb_panel_detail VALUES("28","PKB_BR.230818.000009","35","227272","0","0","227272","0");
INSERT INTO t_pkb_panel_detail VALUES("29","PKB_BR.230818.000009","93","363636","0","0","363636","0");
INSERT INTO t_pkb_panel_detail VALUES("30","PKB_BR.230818.000010","88","272727","0","0","272727","0");
INSERT INTO t_pkb_panel_detail VALUES("31","PKB_BR.230818.000011","80","113636","0","0","113636","0");
INSERT INTO t_pkb_panel_detail VALUES("32","PKB_BR.230818.000011","78","272727","0","0","272727","0");
INSERT INTO t_pkb_panel_detail VALUES("33","PKB_BR.230818.000011","74","340909","0","0","340909","0");
INSERT INTO t_pkb_panel_detail VALUES("34","PKB_BR.230818.000011","79","340909","0","0","340909","0");
INSERT INTO t_pkb_panel_detail VALUES("35","PKB_BR.230818.000011","30","90909","0","0","90909","1");
INSERT INTO t_pkb_panel_detail VALUES("36","PKB_BR.230818.000011","29","340909","0","0","340909","1");
INSERT INTO t_pkb_panel_detail VALUES("37","PKB_BR.230818.000011","24","181818","0","0","181818","0");
INSERT INTO t_pkb_panel_detail VALUES("38","PKB_BR.240818.000012","1","363636","0","0","363636","0");
INSERT INTO t_pkb_panel_detail VALUES("39","PKB_BR.240818.000012","22","409090","0","0","409090","1");
INSERT INTO t_pkb_panel_detail VALUES("40","PKB_BR.240818.000012","28","409090","0","0","409090","0");
INSERT INTO t_pkb_panel_detail VALUES("41","PKB_BR.240818.000012","29","409090","0","0","409090","1");
INSERT INTO t_pkb_panel_detail VALUES("42","PKB_BR.270818.000013","1","363636","0","0","363636","0");
INSERT INTO t_pkb_panel_detail VALUES("43","PKB_BR.270818.000013","35","181818","0","0","181818","0");
INSERT INTO t_pkb_panel_detail VALUES("44","PKB_BR.280818.000014","1","272727","0","0","272727","0");
INSERT INTO t_pkb_panel_detail VALUES("45","PKB_BR.280818.000015","95","150000","0","0","150000","0");
INSERT INTO t_pkb_panel_detail VALUES("46","PKB_BR.280818.000015","1","275000","0","0","275000","0");
INSERT INTO t_pkb_panel_detail VALUES("47","PKB_BR.290818.000016","22","340909","0","0","340909","1");
INSERT INTO t_pkb_panel_detail VALUES("48","PKB_BR.290818.000016","23","340909","0","0","340909","1");
INSERT INTO t_pkb_panel_detail VALUES("49","PKB_BR.290818.000016","1","250000","0","0","250000","0");
INSERT INTO t_pkb_panel_detail VALUES("50","PKB_BR.290818.000016","16","363636","0","0","363636","0");
INSERT INTO t_pkb_panel_detail VALUES("51","PKB_BR.290818.000017","1","272727","0","0","272727","0");
INSERT INTO t_pkb_panel_detail VALUES("52","PKB_BR.290818.000017","78","272727","0","0","272727","0");
INSERT INTO t_pkb_panel_detail VALUES("53","PKB_BR.300818.000018","96","3636363","0","0","3636363","0");
INSERT INTO t_pkb_panel_detail VALUES("54","PKB_BR.310818.000019","78","327273","0","0","327273","0");
INSERT INTO t_pkb_panel_detail VALUES("55","PKB_BR.310818.000019","75","327273","0","0","327273","0");
INSERT INTO t_pkb_panel_detail VALUES("56","PKB_BR.310818.000019","79","368181","0","0","368181","1");
INSERT INTO t_pkb_panel_detail VALUES("57","PKB_BR.310818.000020","1","286363","0","0","286363","0");
INSERT INTO t_pkb_panel_detail VALUES("58","PKB_BR.310818.000020","86","368182","0","0","368182","0");
INSERT INTO t_pkb_panel_detail VALUES("59","PKB_BR.310818.000020","88","204545","0","0","204545","0");
INSERT INTO t_pkb_panel_detail VALUES("60","PKB_BR.310818.000020","97","204545","0","0","204545","0");
INSERT INTO t_pkb_panel_detail VALUES("61","PKB_BR.310818.000020","79","368182","0","0","368182","0");
INSERT INTO t_pkb_panel_detail VALUES("62","PKB_BR.040918.000021","1","272727","0","0","272727","0");
INSERT INTO t_pkb_panel_detail VALUES("63","PKB_BR.040918.000022","28","400000","0","0","400000","1");
INSERT INTO t_pkb_panel_detail VALUES("64","PKB_BR.040918.000022","1","300000","0","0","300000","0");
INSERT INTO t_pkb_panel_detail VALUES("65","PKB_BR.040918.000022","75","400000","0","0","400000","0");
INSERT INTO t_pkb_panel_detail VALUES("66","PKB_BR.040918.000022","79","400000","0","0","400000","0");
INSERT INTO t_pkb_panel_detail VALUES("67","PKB_BR.040918.000022","74","400000","0","0","400000","0");
INSERT INTO t_pkb_panel_detail VALUES("68","PKB_BR.040918.000022","29","400000","0","0","400000","0");
INSERT INTO t_pkb_panel_detail VALUES("69","PKB_BR.060918.000022","1","272727","0","0","272727","0");
INSERT INTO t_pkb_panel_detail VALUES("70","PKB_BR.080918.000023","79","340909","0","0","340909","0");
INSERT INTO t_pkb_panel_detail VALUES("71","PKB_BR.080918.000023","75","340909","0","0","340909","0");
INSERT INTO t_pkb_panel_detail VALUES("72","PKB_BR.080918.000023","30","109090","0","0","109090","0");
INSERT INTO t_pkb_panel_detail VALUES("73","PKB_BR.080918.000024","86","340909","0","0","340909","0");
INSERT INTO t_pkb_panel_detail VALUES("74","PKB_BR.080918.000024","79","340909","0","0","340909","0");
INSERT INTO t_pkb_panel_detail VALUES("75","PKB_BR.080918.000024","75","340909","0","0","340909","1");
INSERT INTO t_pkb_panel_detail VALUES("76","PKB_BR.080918.000024","78","250000","0","0","250000","1");
INSERT INTO t_pkb_panel_detail VALUES("77","PKB_BR.080918.000024","88","204545","0","0","204545","0");
INSERT INTO t_pkb_panel_detail VALUES("78","PKB_BR.080918.000025","1","300000","0","0","300000","0");
INSERT INTO t_pkb_panel_detail VALUES("79","PKB_BR.080918.000025","23","400000","0","0","400000","1");
INSERT INTO t_pkb_panel_detail VALUES("80","PKB_BR.080918.000025","86","400000","0","0","400000","1");
INSERT INTO t_pkb_panel_detail VALUES("81","PKB_BR.080918.000025","79","400000","0","0","400000","1");
INSERT INTO t_pkb_panel_detail VALUES("82","PKB_BR.080918.000025","36","100000","0","0","100000","0");
INSERT INTO t_pkb_panel_detail VALUES("83","PKB_BR.080918.000026","1","272727","0","0","272727","0");
INSERT INTO t_pkb_panel_detail VALUES("84","PKB_BR.080918.000026","78","272727","0","0","272727","0");
INSERT INTO t_pkb_panel_detail VALUES("85","PKB_BR.080918.000026","23","363636","0","0","363636","1");
INSERT INTO t_pkb_panel_detail VALUES("86","PKB_BR.080918.000026","86","363636","0","0","363636","1");
INSERT INTO t_pkb_panel_detail VALUES("87","PKB_BR.080918.000026","79","363636","0","0","363636","0");
INSERT INTO t_pkb_panel_detail VALUES("88","PKB_BR.080918.000026","88","227273","0","0","227273","0");
INSERT INTO t_pkb_panel_detail VALUES("89","PKB_BR.080918.000027","76","409091","0","0","409091","0");
INSERT INTO t_pkb_panel_detail VALUES("90","PKB_BR.080918.000027","78","286363","0","0","286363","0");
INSERT INTO t_pkb_panel_detail VALUES("91","PKB_BR.080918.000027","75","368181","0","0","368181","0");
INSERT INTO t_pkb_panel_detail VALUES("92","PKB_BR.080918.000027","79","368181","0","0","368181","0");
INSERT INTO t_pkb_panel_detail VALUES("93","PKB_BR.080918.000027","86","368181","0","0","368181","0");
INSERT INTO t_pkb_panel_detail VALUES("94","PKB_BR.080918.000028","1","363636","0","0","363636","0");
INSERT INTO t_pkb_panel_detail VALUES("95","PKB_BR.080918.000028","22","409091","0","0","409091","0");
INSERT INTO t_pkb_panel_detail VALUES("96","PKB_BR.080918.000029","1","363636","0","0","363636","0");
INSERT INTO t_pkb_panel_detail VALUES("97","PKB_BR.080918.000029","78","363636","0","0","363636","0");
INSERT INTO t_pkb_panel_detail VALUES("98","PKB_BR.080918.000029","23","409091","0","0","409091","0");
INSERT INTO t_pkb_panel_detail VALUES("99","PKB_BR.080918.000029","76","454545","0","0","454545","0");
INSERT INTO t_pkb_panel_detail VALUES("100","PKB_BR.080918.000029","16","518182","0","0","518182","0");
INSERT INTO t_pkb_panel_detail VALUES("101","PKB_BR.080918.000029","100","136364","0","0","136364","0");
INSERT INTO t_pkb_panel_detail VALUES("102","PKB_BR.080918.000029","99","136364","0","0","136364","0");
INSERT INTO t_pkb_panel_detail VALUES("103","PKB_BR.080918.000029","5","218182","0","0","218182","0");
INSERT INTO t_pkb_panel_detail VALUES("104","PKB_BR.080918.000029","11","245455","0","0","245455","0");
INSERT INTO t_pkb_panel_detail VALUES("105","PKB_BR.080918.000029","8","218182","0","0","218182","0");
INSERT INTO t_pkb_panel_detail VALUES("106","PKB_BR.080918.000029","82","218182","0","0","218182","0");
INSERT INTO t_pkb_panel_detail VALUES("107","PKB_BR.080918.000029","18","81818","0","0","81818","0");
INSERT INTO t_pkb_panel_detail VALUES("108","PKB_BR.080918.000030","1","363636","0","0","363636","0");
INSERT INTO t_pkb_panel_detail VALUES("109","PKB_BR.080918.000030","22","409091","0","0","409091","0");
INSERT INTO t_pkb_panel_detail VALUES("110","PKB_BR.080918.000030","25","272727","0","0","272727","0");
INSERT INTO t_pkb_panel_detail VALUES("111","PKB_BR.120918.000005","1","225000","0","0","225000","0");
INSERT INTO t_pkb_panel_detail VALUES("112","PKB_BR.120918.000005","22","306818","0","0","306818","1");
INSERT INTO t_pkb_panel_detail VALUES("113","PKB_BR.120918.000005","23","306818","0","0","306818","0");
INSERT INTO t_pkb_panel_detail VALUES("114","PKB_BR.120918.000005","86","306818","0","0","306818","0");
INSERT INTO t_pkb_panel_detail VALUES("115","PKB_BR.120918.000005","28","306818","0","0","306818","1");
INSERT INTO t_pkb_panel_detail VALUES("116","PKB_BR.120918.000005","78","225000","0","0","225000","0");
INSERT INTO t_pkb_panel_detail VALUES("117","PKB_BR.120918.000005","79","306818","0","0","306818","0");
INSERT INTO t_pkb_panel_detail VALUES("118","PKB_BR.120918.000005","29","306818","0","0","306818","1");
INSERT INTO t_pkb_panel_detail VALUES("119","PKB_BR.120918.000005","41","327273","0","0","327273","1");
INSERT INTO t_pkb_panel_detail VALUES("120","PKB_BR.120918.000005","88","184090","0","0","184090","0");
INSERT INTO t_pkb_panel_detail VALUES("121","PKB_BR.120918.000005","35","184090","0","0","184090","0");
INSERT INTO t_pkb_panel_detail VALUES("122","PKB_BR.120918.000005","75","306818","0","0","306818","0");
INSERT INTO t_pkb_panel_detail VALUES("123","PKB_BR.120918.000017","1","250000","0","0","250000","0");
INSERT INTO t_pkb_panel_detail VALUES("124","PKB_BR.120918.000017","22","340909","0","0","340909","1");
INSERT INTO t_pkb_panel_detail VALUES("125","PKB_BR.120918.000017","23","340909","0","0","340909","1");
INSERT INTO t_pkb_panel_detail VALUES("126","PKB_BR.120918.000017","16","363636","0","0","363636","0");
INSERT INTO t_pkb_panel_detail VALUES("127","PKB_BR.120918.000028","75","368181","0","0","368181","1");
INSERT INTO t_pkb_panel_detail VALUES("128","PKB_BR.120918.000028","76","409091","0","0","409091","0");
INSERT INTO t_pkb_panel_detail VALUES("129","PKB_BR.120918.000028","78","286363","0","0","286363","0");
INSERT INTO t_pkb_panel_detail VALUES("130","PKB_BR.120918.000028","79","368181","0","0","368181","0");
INSERT INTO t_pkb_panel_detail VALUES("131","PKB_BR.120918.000028","86","368181","0","0","368181","0");
INSERT INTO t_pkb_panel_detail VALUES("132","PKB_BR.130918.000029","86","363636","0","0","363636","0");
INSERT INTO t_pkb_panel_detail VALUES("133","PKB_BR.130918.000029","39","113636","0","0","113636","0");
INSERT INTO t_pkb_panel_detail VALUES("134","PKB_BR.130918.000030","78","454545","0","0","454545","0");
INSERT INTO t_pkb_panel_detail VALUES("135","PKB_BR.130918.000030","76","636364","0","0","636364","0");
INSERT INTO t_pkb_panel_detail VALUES("136","PKB_BR.130918.000030","42","272727","0","0","272727","0");
INSERT INTO t_pkb_panel_detail VALUES("137","PKB_BR.130918.000031","31","218182","0","0","218182","0");
INSERT INTO t_pkb_panel_detail VALUES("138","PKB_BR.130918.000031","87","218182","0","0","218182","0");
INSERT INTO t_pkb_panel_detail VALUES("139","PKB_BR.130918.000031","32","218182","0","0","218182","0");
INSERT INTO t_pkb_panel_detail VALUES("140","PKB_BR.130918.000031","102","218182","0","0","218182","0");
INSERT INTO t_pkb_panel_detail VALUES("141","PKB_BR.130918.000031","101","218182","0","0","218182","0");
INSERT INTO t_pkb_panel_detail VALUES("142","PKB_BR.140918.000032","1","225000","0","0","225000","0");
INSERT INTO t_pkb_panel_detail VALUES("143","PKB_BR.140918.000032","22","306818","0","0","306818","1");
INSERT INTO t_pkb_panel_detail VALUES("144","PKB_BR.140918.000032","23","306818","0","0","306818","1");
INSERT INTO t_pkb_panel_detail VALUES("145","PKB_BR.140918.000032","86","306818","0","0","306818","1");
INSERT INTO t_pkb_panel_detail VALUES("146","PKB_BR.140918.000032","95","122727","0","0","122727","0");
INSERT INTO t_pkb_panel_detail VALUES("147","PKB_BR.140918.000032","78","225000","0","0","225000","0");
INSERT INTO t_pkb_panel_detail VALUES("148","PKB_BR.140918.000032","75","306818","0","0","306818","0");
INSERT INTO t_pkb_panel_detail VALUES("149","PKB_BR.140918.000032","74","306818","0","0","306818","0");
INSERT INTO t_pkb_panel_detail VALUES("150","PKB_BR.140918.000032","29","306818","0","0","306818","1");
INSERT INTO t_pkb_panel_detail VALUES("151","PKB_BR.140918.000032","79","306818","0","0","306818","0");
INSERT INTO t_pkb_panel_detail VALUES("152","PKB_BR.140918.000032","76","327273","0","0","327273","1");
INSERT INTO t_pkb_panel_detail VALUES("153","PKB_BR.140918.000032","103","122727","0","0","122727","0");
INSERT INTO t_pkb_panel_detail VALUES("154","PKB_BR.140918.000032","104","81818","0","0","81818","0");
INSERT INTO t_pkb_panel_detail VALUES("155","PKB_BR.140918.000032","105","81818","0","0","81818","0");
INSERT INTO t_pkb_panel_detail VALUES("156","PKB_BR.140918.000033","16","454545","0","0","454545","0");
INSERT INTO t_pkb_panel_detail VALUES("157","PKB_BR.140918.000033","22","454545","0","0","454545","0");
INSERT INTO t_pkb_panel_detail VALUES("158","PKB_BR.140918.000033","23","454545","0","0","454545","0");
INSERT INTO t_pkb_panel_detail VALUES("159","PKB_BR.140918.000033","1","454545","0","0","454545","0");
INSERT INTO t_pkb_panel_detail VALUES("160","PKB_BR.140918.000033","95","272727","0","0","272727","0");
INSERT INTO t_pkb_panel_detail VALUES("161","PKB_BR.140918.000033","8","272727","0","0","272727","0");
INSERT INTO t_pkb_panel_detail VALUES("162","PKB_BR.140918.000033","25","272727","0","0","272727","0");
INSERT INTO t_pkb_panel_detail VALUES("163","PKB_BR.140918.000033","5","227272","0","0","227272","0");
INSERT INTO t_pkb_panel_detail VALUES("164","PKB_BR.140918.000033","18","136363","0","0","136363","0");
INSERT INTO t_pkb_panel_detail VALUES("165","PKB_BR.140918.000034","78","272727","0","0","272727","0");
INSERT INTO t_pkb_panel_detail VALUES("166","PKB_BR.140918.000034","1","272727","0","0","272727","0");
INSERT INTO t_pkb_panel_detail VALUES("167","PKB_BR.140918.000034","76","340909","0","0","340909","0");
INSERT INTO t_pkb_panel_detail VALUES("168","PKB_BR.140918.000034","42","190909","0","0","190909","0");
INSERT INTO t_pkb_panel_detail VALUES("169","PKB_BR.140918.000034","108","27272","0","0","27272","0");
INSERT INTO t_pkb_panel_detail VALUES("170","PKB_BR.140918.000035","75","363636","0","0","363636","");
INSERT INTO t_pkb_panel_detail VALUES("171","PKB_BR.140918.000035","78","272727","0","0","272727","");
INSERT INTO t_pkb_panel_detail VALUES("172","PKB_BR.140918.000036","1","272727","0","0","272727","0");
INSERT INTO t_pkb_panel_detail VALUES("173","PKB_BR.140918.000036","22","354545","0","0","354545","0");
INSERT INTO t_pkb_panel_detail VALUES("174","PKB_BR.170918.000033","1","363636","0","0","363636","0");
INSERT INTO t_pkb_panel_detail VALUES("175","PKB_BR.170918.000033","78","363636","0","0","363636","0");
INSERT INTO t_pkb_panel_detail VALUES("176","PKB_BR.170918.000034","1","272727","0","0","272727","");
INSERT INTO t_pkb_panel_detail VALUES("186","PKB_BR.180918.000034","1","363636","0","0","363636","0");
INSERT INTO t_pkb_panel_detail VALUES("187","PKB_BR.180918.000034","78","363636","0","0","363636","0");
INSERT INTO t_pkb_panel_detail VALUES("188","PKB_BR.180918.000034","75","409091","0","0","409091","0");
INSERT INTO t_pkb_panel_detail VALUES("189","PKB_BR.190918.000035","1","295455","0","0","295455","0");
INSERT INTO t_pkb_panel_detail VALUES("190","PKB_BR.190918.000035","22","363636","0","0","363636","0");
INSERT INTO t_pkb_panel_detail VALUES("191","PKB_BR.190918.000035","74","363636","0","0","363636","0");
INSERT INTO t_pkb_panel_detail VALUES("192","PKB_BR.190918.000035","29","363636","0","0","363636","0");
INSERT INTO t_pkb_panel_detail VALUES("193","PKB_BR.190918.000035","78","295455","0","0","295455","0");
INSERT INTO t_pkb_panel_detail VALUES("194","PKB_BR.190918.000036","1","295455","0","0","295455","0");
INSERT INTO t_pkb_panel_detail VALUES("195","PKB_BR.190918.000036","22","363636","0","0","363636","0");
INSERT INTO t_pkb_panel_detail VALUES("196","PKB_BR.200918.000037","1","90909","0","0","90909","0");
INSERT INTO t_pkb_panel_detail VALUES("197","PKB_BR.210918.000035","56","272726","0","0","272726","");
INSERT INTO t_pkb_panel_detail VALUES("198","PKB_BR.240918.000031","74","454545","0","0","454545","0");
INSERT INTO t_pkb_panel_detail VALUES("199","PKB_BR.240918.000031","78","454545","0","0","454545","0");
INSERT INTO t_pkb_panel_detail VALUES("200","PKB_BR.240918.000032","1","300000","0","0","300000","0");
INSERT INTO t_pkb_panel_detail VALUES("201","PKB_BR.240918.000032","95","240000","0","0","240000","0");
INSERT INTO t_pkb_panel_detail VALUES("202","PKB_BR.240918.000032","23","400000","0","0","400000","0");
INSERT INTO t_pkb_panel_detail VALUES("203","PKB_BR.240918.000032","86","400000","0","0","400000","1");
INSERT INTO t_pkb_panel_detail VALUES("204","PKB_BR.240918.000032","75","400000","0","0","400000","1");
INSERT INTO t_pkb_panel_detail VALUES("205","PKB_BR.240918.000032","79","400000","0","0","400000","0");
INSERT INTO t_pkb_panel_detail VALUES("206","PKB_BR.240918.000032","88","270000","0","0","270000","0");
INSERT INTO t_pkb_panel_detail VALUES("207","PKB_BR.240918.000032","104","150000","0","0","150000","0");
INSERT INTO t_pkb_panel_detail VALUES("208","PKB_BR.240918.000033","16","409091","0","0","409091","0");
INSERT INTO t_pkb_panel_detail VALUES("209","PKB_BR.240918.000033","1","272727","0","0","272727","0");
INSERT INTO t_pkb_panel_detail VALUES("210","PKB_BR.240918.000033","78","272727","0","0","272727","1");
INSERT INTO t_pkb_panel_detail VALUES("211","PKB_BR.240918.000033","88","227273","0","0","227273","0");
INSERT INTO t_pkb_panel_detail VALUES("212","PKB_BR.250918.000033","103","272727","0","0","272727","");
INSERT INTO t_pkb_panel_detail VALUES("213","PKB_BR.260918.000032","78","272727","0","0","272727","0");
INSERT INTO t_pkb_panel_detail VALUES("214","PKB_BR.260918.000032","79","363636","0","0","363636","0");
INSERT INTO t_pkb_panel_detail VALUES("215","PKB_BR.260918.000032","88","227273","0","0","227273","0");
INSERT INTO t_pkb_panel_detail VALUES("216","PKB_BR.280918.000032","1","363636","0","0","363636","0");
INSERT INTO t_pkb_panel_detail VALUES("217","PKB_BR.280918.000032","95","218181","0","0","218181","0");
INSERT INTO t_pkb_panel_detail VALUES("218","PKB_BR.280918.000032","8","218181","0","0","218181","0");
INSERT INTO t_pkb_panel_detail VALUES("219","PKB_BR.280918.000032","82","218181","0","0","218181","0");
INSERT INTO t_pkb_panel_detail VALUES("220","PKB_BR.280918.000032","11","245454","0","0","245454","0");
INSERT INTO t_pkb_panel_detail VALUES("221","PKB_BR.280918.000032","5","218181","0","0","218181","0");
INSERT INTO t_pkb_panel_detail VALUES("222","PKB_BR.280918.000033","1","454545","0","0","454545","0");
INSERT INTO t_pkb_panel_detail VALUES("223","PKB_BR.280918.000033","88","454545","0","0","454545","");
INSERT INTO t_pkb_panel_detail VALUES("224","PKB_BR.290918.000034","16","450000","0","0","450000","0");
INSERT INTO t_pkb_panel_detail VALUES("225","PKB_BR.290918.000034","9","163636","0","0","163636","0");
INSERT INTO t_pkb_panel_detail VALUES("226","PKB_BR.290918.000034","1","286364","0","0","286364","0");
INSERT INTO t_pkb_panel_detail VALUES("227","PKB_BR.290918.000034","11","184090","0","0","184090","0");
INSERT INTO t_pkb_panel_detail VALUES("228","PKB_BR.290918.000034","25","196363","0","0","196363","0");
INSERT INTO t_pkb_panel_detail VALUES("229","PKB_BR.290918.000034","61","343636","0","0","343636","1");
INSERT INTO t_pkb_panel_detail VALUES("230","PKB_BR.290918.000035","1","400000","0","0","400000","0");
INSERT INTO t_pkb_panel_detail VALUES("231","PKB_BR.290918.000035","23","400000","0","0","400000","0");
INSERT INTO t_pkb_panel_detail VALUES("232","PKB_BR.290918.000035","86","400000","0","0","400000","1");
INSERT INTO t_pkb_panel_detail VALUES("233","PKB_BR.290918.000035","16","430000","0","0","430000","0");
INSERT INTO t_pkb_panel_detail VALUES("234","PKB_BR.290918.000035","82","125000","0","0","125000","0");
INSERT INTO t_pkb_panel_detail VALUES("235","PKB_BR.290918.000035","5","125000","0","0","125000","0");
INSERT INTO t_pkb_panel_detail VALUES("236","PKB_BR.290918.000035","25","200000","0","0","200000","0");
INSERT INTO t_pkb_panel_detail VALUES("237","PKB_BR.290918.000036","109","45454","0","0","45454","");
INSERT INTO t_pkb_panel_detail VALUES("238","PKB_BR.011018.000036","41","409090","0","0","409090","0");



DROP TABLE t_pkb_part_detail;

CREATE TABLE `t_pkb_part_detail` (
  `id` int(11) NOT NULL AUTO_INCREMENT,
  `fk_pkb` varchar(20) NOT NULL,
  `fk_part` varchar(50) NOT NULL,
  `qty_part` int(11) NOT NULL,
  `harga_jual_part` double DEFAULT NULL,
  `diskon_part` float NOT NULL,
  `harga_diskon_part` double DEFAULT NULL,
  `harga_total_pkb_part` double NOT NULL,
  `mark_part` enum('0','1') DEFAULT NULL,
  PRIMARY KEY (`id`)
) ENGINE=InnoDB AUTO_INCREMENT=41 DEFAULT CHARSET=latin1;

INSERT INTO t_pkb_part_detail VALUES("1","PKB_BR.230818.000011","STOPLAMP","1","2394000","0","0","2394000","");
INSERT INTO t_pkb_part_detail VALUES("2","PKB_BR.280818.000015","H-LBP","1","441224","0","0","441224","");
INSERT INTO t_pkb_part_detail VALUES("3","PKB_BR.290818.000016","KAPMESBRIO","1","1798200","0","0","1798200","");
INSERT INTO t_pkb_part_detail VALUES("4","PKB_BR.290818.000016","GRILHONDABRIO","1","1303325","0","0","1303325","");
INSERT INTO t_pkb_part_detail VALUES("5","PKB_BR.290818.000016","HEADLAMPBRIO","1","449550","0","0","449550","");
INSERT INTO t_pkb_part_detail VALUES("6","PKB_BR.080918.000027","CSINNOVA","1","388636","0","0","388636","");
INSERT INTO t_pkb_part_detail VALUES("7","PKB_BR.080918.000028","CFAVANZA","1","290909","0","0","290909","");
INSERT INTO t_pkb_part_detail VALUES("8","PKB_BR.080918.000029","BUMPDEPANGRANDMAX","1","404545","0","0","404545","");
INSERT INTO t_pkb_part_detail VALUES("9","PKB_BR.080918.000029","GRILGRANDMAX","1","90909","0","0","90909","");
INSERT INTO t_pkb_part_detail VALUES("10","PKB_BR.080918.000029","FOGLAMASSGRANDMAX","1","227273","0","0","227273","");
INSERT INTO t_pkb_part_detail VALUES("11","PKB_BR.080918.000029","STOPLAMPGRANDMAX","1","613636","0","0","613636","");
INSERT INTO t_pkb_part_detail VALUES("12","PKB_BR.120918.000017","KAPMESBRIO","1","1798200","0","0","1798200","");
INSERT INTO t_pkb_part_detail VALUES("13","PKB_BR.120918.000017","GRILHONDABRIO","1","1303325","0","0","1303325","");
INSERT INTO t_pkb_part_detail VALUES("14","PKB_BR.120918.000017","HEADLAMPBRIO","1","449550","0","0","449550","");
INSERT INTO t_pkb_part_detail VALUES("15","PKB_BR.120918.000028","CSINNOVA","1","388636","0","0","388636","");
INSERT INTO t_pkb_part_detail VALUES("16","PKB_BR.130918.000029","PINTUDEPANKIRIBRIO","1","3918637","0","0","3918637","");
INSERT INTO t_pkb_part_detail VALUES("17","PKB_BR.130918.000031","STIKERPINTURH","1","222000","0","0","222000","");
INSERT INTO t_pkb_part_detail VALUES("18","PKB_BR.130918.000031","STIKERPINTULH","1","222000","0","0","222000","");
INSERT INTO t_pkb_part_detail VALUES("19","PKB_BR.130918.000031","STOPERENGSELPINTUTENGAHLH","1","372000","0","0","372000","");
INSERT INTO t_pkb_part_detail VALUES("20","PKB_BR.130918.000031","STIKERPINTUTENGAHKANAN","1","222000","0","0","222000","");
INSERT INTO t_pkb_part_detail VALUES("21","PKB_BR.190918.000035","HEADLAMPCIVICRH","1","6687873","0","0","6687873","");
INSERT INTO t_pkb_part_detail VALUES("22","PKB_BR.190918.000036","HEADLAMPHMOBILIO2017","1","1002177","0","0","1002177","");
INSERT INTO t_pkb_part_detail VALUES("23","PKB_BR.210918.000035","SILENKACAMOBIL","2","136364","0","0","272728","");
INSERT INTO t_pkb_part_detail VALUES("24","PKB_BR.240918.000032","HEADLAMPHRV","1","2591100","0","0","2591100","");
INSERT INTO t_pkb_part_detail VALUES("25","PKB_BR.240918.000032","VELGDPNHRVLH","1","1517400","0","0","1517400","");
INSERT INTO t_pkb_part_detail VALUES("26","PKB_BR.280918.000032","HEADLAMPGRANDMAXRH","1","790909","0","0","790909","");
INSERT INTO t_pkb_part_detail VALUES("27","PKB_BR.280918.000032","radiatorgrandmax","1","954545","0","0","954545","");
INSERT INTO t_pkb_part_detail VALUES("28","PKB_BR.280918.000032","AIRRADIATORCOOLENT","1","81818","0","0","81818","");
INSERT INTO t_pkb_part_detail VALUES("29","PKB_BR.290918.000034","BASEGRILLAVANZA","1","133863","0","0","133863","");
INSERT INTO t_pkb_part_detail VALUES("30","PKB_BR.290918.000034","HOODMOULDINGAVANZA","1","276363","0","0","276363","");
INSERT INTO t_pkb_part_detail VALUES("31","PKB_BR.290918.000035","KAPMESINXENIA","1","1272727","0","0","1272727","");
INSERT INTO t_pkb_part_detail VALUES("32","PKB_BR.290918.000035","BUMPERFRXENIA16","1","1409090","0","0","1409090","");
INSERT INTO t_pkb_part_detail VALUES("33","PKB_BR.290918.000035","HEADLAMPLHXENIA16","1","954545","0","0","954545","");
INSERT INTO t_pkb_part_detail VALUES("34","PKB_BR.290918.000035","ENGSEL","1","63636","0","0","63636","");
INSERT INTO t_pkb_part_detail VALUES("35","PKB_BR.290918.000035","COWELDEPANLHXENIA16","1","70000","0","0","70000","");
INSERT INTO t_pkb_part_detail VALUES("36","PKB_BR.290918.000035","CONDENSORXENIA16","1","811818","0","0","811818","");
INSERT INTO t_pkb_part_detail VALUES("37","PKB_BR.290918.000035","RADIATORXENIA16","1","1272727","0","0","1272727","");
INSERT INTO t_pkb_part_detail VALUES("38","PKB_BR.290918.000035","AIRRADIATORCOOLENT","1","90909","0","0","90909","");
INSERT INTO t_pkb_part_detail VALUES("39","PKB_BR.290918.000035","FREON","1","227273","0","0","227273","");
INSERT INTO t_pkb_part_detail VALUES("40","PKB_BR.290918.000036","SENSPIONMITSUBISHIDELICALH","1","1238250","0","0","1238250","");



DROP TABLE t_satuan;

CREATE TABLE `t_satuan` (
  `id_satuan` varchar(20) NOT NULL,
  `nama` varchar(50) NOT NULL
) ENGINE=InnoDB DEFAULT CHARSET=latin1;

INSERT INTO t_satuan VALUES("UNT","UNIT");
INSERT INTO t_satuan VALUES("LTR","LITER");
INSERT INTO t_satuan VALUES("PCS","PIECES");



DROP TABLE t_status_pkb;

CREATE TABLE `t_status_pkb` (
  `id` int(11) NOT NULL AUTO_INCREMENT,
  `fk_pkb` varchar(25) DEFAULT NULL,
  `tgl` timestamp NULL DEFAULT CURRENT_TIMESTAMP,
  `status` enum('PROSES REPAIR','CETAK KWITANSI','LUNAS') DEFAULT 'PROSES REPAIR',
  PRIMARY KEY (`id`)
) ENGINE=InnoDB AUTO_INCREMENT=171 DEFAULT CHARSET=latin1;

INSERT INTO t_status_pkb VALUES("1","PKB_BR.150818.000001","2018-08-24 14:33:09","PROSES REPAIR");
INSERT INTO t_status_pkb VALUES("2","PKB_BR.150818.000002","2018-08-24 14:33:09","PROSES REPAIR");
INSERT INTO t_status_pkb VALUES("3","PKB_BR.150818.000003","2018-08-24 14:33:09","PROSES REPAIR");
INSERT INTO t_status_pkb VALUES("4","PKB_BR.160818.000004","2018-08-24 14:33:09","PROSES REPAIR");
INSERT INTO t_status_pkb VALUES("5","PKB_BR.210818.000005","2018-08-24 14:33:09","PROSES REPAIR");
INSERT INTO t_status_pkb VALUES("6","PKB_BR.210818.000006","2018-08-24 14:33:09","PROSES REPAIR");
INSERT INTO t_status_pkb VALUES("7","PKB_BR.230818.000007","2018-08-24 14:33:09","PROSES REPAIR");
INSERT INTO t_status_pkb VALUES("8","PKB_BR.230818.000008","2018-08-24 14:33:09","PROSES REPAIR");
INSERT INTO t_status_pkb VALUES("9","PKB_BR.230818.000009","2018-08-24 14:33:10","PROSES REPAIR");
INSERT INTO t_status_pkb VALUES("10","PKB_BR.230818.000010","2018-08-24 14:33:10","PROSES REPAIR");
INSERT INTO t_status_pkb VALUES("11","PKB_BR.230818.000011","2018-08-24 14:33:10","PROSES REPAIR");
INSERT INTO t_status_pkb VALUES("12","PKB_BR.240818.000012","2018-08-24 14:33:10","PROSES REPAIR");
INSERT INTO t_status_pkb VALUES("13","PKB_BR.150818.000001","2018-08-24 14:34:48","CETAK KWITANSI");
INSERT INTO t_status_pkb VALUES("14","PKB_BR.150818.000002","2018-08-24 14:34:48","CETAK KWITANSI");
INSERT INTO t_status_pkb VALUES("15","PKB_BR.150818.000003","2018-08-24 14:34:48","CETAK KWITANSI");
INSERT INTO t_status_pkb VALUES("16","PKB_BR.210818.000005","2018-08-24 14:34:48","CETAK KWITANSI");
INSERT INTO t_status_pkb VALUES("17","PKB_BR.150818.000001","2018-08-24 14:35:33","LUNAS");
INSERT INTO t_status_pkb VALUES("18","PKB_BR.150818.000002","2018-08-24 14:35:33","LUNAS");
INSERT INTO t_status_pkb VALUES("19","PKB_BR.150818.000003","2018-08-24 14:35:33","LUNAS");
INSERT INTO t_status_pkb VALUES("20","PKB_BR.210818.000005","2018-08-24 14:35:33","LUNAS");
INSERT INTO t_status_pkb VALUES("21","PKB_BR.230818.000008","2018-08-25 07:53:20","CETAK KWITANSI");
INSERT INTO t_status_pkb VALUES("22","PKB_BR.230818.000008","2018-08-25 07:55:45","LUNAS");
INSERT INTO t_status_pkb VALUES("23","PKB_BR.230818.000008","2018-08-25 07:59:41","LUNAS");
INSERT INTO t_status_pkb VALUES("24","PKB_BR.270818.000013","2018-08-27 09:20:01","PROSES REPAIR");
INSERT INTO t_status_pkb VALUES("25","PKB_BR.230818.000011","2018-08-27 10:02:48","CETAK KWITANSI");
INSERT INTO t_status_pkb VALUES("26","PKB_BR.160818.000004","2018-08-27 10:40:26","CETAK KWITANSI");
INSERT INTO t_status_pkb VALUES("28","PKB_BR.160818.000004","2018-08-27 11:55:33","CETAK KWITANSI");
INSERT INTO t_status_pkb VALUES("29","PKB_BR.210818.000006","2018-08-27 11:55:57","CETAK KWITANSI");
INSERT INTO t_status_pkb VALUES("30","PKB_BR.230818.000010","2018-08-27 12:20:49","CETAK KWITANSI");
INSERT INTO t_status_pkb VALUES("31","PKB_BR.230818.000007","2018-08-27 12:45:33","CETAK KWITANSI");
INSERT INTO t_status_pkb VALUES("32","PKB_BR.280818.000014","2018-08-28 09:12:06","PROSES REPAIR");
INSERT INTO t_status_pkb VALUES("33","PKB_BR.230818.000007","2018-08-28 10:00:55","LUNAS");
INSERT INTO t_status_pkb VALUES("34","PKB_BR.230818.000010","2018-08-28 10:03:09","LUNAS");
INSERT INTO t_status_pkb VALUES("35","PKB_BR.240818.000012","2018-08-28 13:10:07","CETAK KWITANSI");
INSERT INTO t_status_pkb VALUES("36","PKB_BR.280818.000015","2018-08-28 13:20:13","PROSES REPAIR");
INSERT INTO t_status_pkb VALUES("37","PKB_BR.270818.000013","2018-08-28 15:32:08","CETAK KWITANSI");
INSERT INTO t_status_pkb VALUES("38","PKB_BR.270818.000013","2018-08-28 15:38:47","LUNAS");
INSERT INTO t_status_pkb VALUES("39","PKB_BR.290818.000016","2018-08-29 09:52:55","PROSES REPAIR");
INSERT INTO t_status_pkb VALUES("40","PKB_BR.290818.000017","2018-08-29 10:00:42","PROSES REPAIR");
INSERT INTO t_status_pkb VALUES("41","PKB_BR.290818.000017","2018-08-29 10:03:45","CETAK KWITANSI");
INSERT INTO t_status_pkb VALUES("42","PKB_BR.290818.000017","2018-08-29 10:16:56","LUNAS");
INSERT INTO t_status_pkb VALUES("43","PKB_BR.290818.000016","2018-08-29 10:19:04","CETAK KWITANSI");
INSERT INTO t_status_pkb VALUES("44","PKB_BR.290818.000016","2018-08-29 10:33:55","LUNAS");
INSERT INTO t_status_pkb VALUES("45","PKB_BR.160818.000004","2018-08-29 10:41:07","LUNAS");
INSERT INTO t_status_pkb VALUES("46","PKB_BR.240818.000012","2018-08-29 10:44:56","LUNAS");
INSERT INTO t_status_pkb VALUES("47","PKB_BR.210818.000006","2018-08-29 10:47:53","LUNAS");
INSERT INTO t_status_pkb VALUES("48","PKB_BR.230818.000011","2018-08-29 10:50:58","LUNAS");
INSERT INTO t_status_pkb VALUES("49","PKB_BR.230818.000009","2018-08-30 12:17:04","CETAK KWITANSI");
INSERT INTO t_status_pkb VALUES("50","PKB_BR.230818.000009","2018-08-30 12:25:58","LUNAS");
INSERT INTO t_status_pkb VALUES("51","PKB_BR.300818.000018","2018-08-30 12:29:14","PROSES REPAIR");
INSERT INTO t_status_pkb VALUES("52","PKB_BR.310818.000019","2018-08-31 09:41:18","PROSES REPAIR");
INSERT INTO t_status_pkb VALUES("53","PKB_BR.310818.000020","2018-08-31 14:16:17","PROSES REPAIR");
INSERT INTO t_status_pkb VALUES("54","PKB_BR.310818.000020","2018-09-03 09:19:14","CETAK KWITANSI");
INSERT INTO t_status_pkb VALUES("55","PKB_BR.310818.000019","2018-09-03 09:20:12","CETAK KWITANSI");
INSERT INTO t_status_pkb VALUES("56","PKB_BR.310818.000019","2018-09-03 11:17:57","LUNAS");
INSERT INTO t_status_pkb VALUES("57","PKB_BR.310818.000020","2018-09-03 11:20:18","LUNAS");
INSERT INTO t_status_pkb VALUES("58","PKB_BR.040918.000021","2018-09-04 07:55:47","PROSES REPAIR");
INSERT INTO t_status_pkb VALUES("59","PKB_BR.040918.000022","2018-09-04 08:15:55","PROSES REPAIR");
INSERT INTO t_status_pkb VALUES("60","PKB_BR.040918.000021","2018-09-05 13:58:02","CETAK KWITANSI");
INSERT INTO t_status_pkb VALUES("61","PKB_BR.040918.000022","2018-09-05 13:59:51","CETAK KWITANSI");
INSERT INTO t_status_pkb VALUES("62","PKB_BR.040918.000021","2018-09-05 14:17:37","LUNAS");
INSERT INTO t_status_pkb VALUES("63","PKB_BR.040918.000022","2018-09-05 14:36:50","LUNAS");
INSERT INTO t_status_pkb VALUES("64","PKB_BR.060918.000022","2018-09-06 07:46:41","PROSES REPAIR");
INSERT INTO t_status_pkb VALUES("65","PKB_BR.060918.000022","2018-09-07 15:34:22","CETAK KWITANSI");
INSERT INTO t_status_pkb VALUES("66","PKB_BR.060918.000022","2018-09-07 15:40:21","LUNAS");
INSERT INTO t_status_pkb VALUES("67","PKB_BR.080918.000023","2018-09-08 09:26:14","PROSES REPAIR");
INSERT INTO t_status_pkb VALUES("68","PKB_BR.080918.000024","2018-09-08 09:55:31","PROSES REPAIR");
INSERT INTO t_status_pkb VALUES("69","PKB_BR.080918.000025","2018-09-08 09:56:00","PROSES REPAIR");
INSERT INTO t_status_pkb VALUES("70","PKB_BR.080918.000026","2018-09-08 10:15:07","PROSES REPAIR");
INSERT INTO t_status_pkb VALUES("71","PKB_BR.080918.000023","2018-09-08 10:26:06","CETAK KWITANSI");
INSERT INTO t_status_pkb VALUES("72","PKB_BR.080918.000023","2018-09-08 10:33:14","LUNAS");
INSERT INTO t_status_pkb VALUES("73","PKB_BR.080918.000024","2018-09-08 10:38:26","CETAK KWITANSI");
INSERT INTO t_status_pkb VALUES("74","PKB_BR.080918.000024","2018-09-08 10:42:41","LUNAS");
INSERT INTO t_status_pkb VALUES("75","PKB_BR.080918.000026","2018-09-08 11:05:05","CETAK KWITANSI");
INSERT INTO t_status_pkb VALUES("76","PKB_BR.080918.000026","2018-09-08 11:15:47","LUNAS");
INSERT INTO t_status_pkb VALUES("77","PKB_BR.080918.000027","2018-09-08 14:51:24","PROSES REPAIR");
INSERT INTO t_status_pkb VALUES("78","PKB_BR.080918.000028","2018-09-08 15:11:17","PROSES REPAIR");
INSERT INTO t_status_pkb VALUES("79","PKB_BR.080918.000029","2018-09-08 15:44:06","PROSES REPAIR");
INSERT INTO t_status_pkb VALUES("80","PKB_BR.080918.000030","2018-09-08 15:55:36","PROSES REPAIR");
INSERT INTO t_status_pkb VALUES("81","PKB_BR.120918.000005","2018-09-12 12:57:17","PROSES REPAIR");
INSERT INTO t_status_pkb VALUES("82","PKB_BR.120918.000005","2018-09-12 13:10:41","CETAK KWITANSI");
INSERT INTO t_status_pkb VALUES("83","PKB_BR.120918.000005","2018-09-12 13:18:15","LUNAS");
INSERT INTO t_status_pkb VALUES("84","PKB_BR.120918.000017","2018-09-12 13:36:48","PROSES REPAIR");
INSERT INTO t_status_pkb VALUES("85","PKB_BR.120918.000017","2018-09-12 13:48:26","CETAK KWITANSI");
INSERT INTO t_status_pkb VALUES("86","PKB_BR.120918.000017","2018-09-12 13:51:51","LUNAS");
INSERT INTO t_status_pkb VALUES("87","PKB_BR.120918.000028","2018-09-12 15:37:49","PROSES REPAIR");
INSERT INTO t_status_pkb VALUES("88","PKB_BR.120918.000028","2018-09-12 15:52:55","CETAK KWITANSI");
INSERT INTO t_status_pkb VALUES("89","PKB_BR.120918.000028","2018-09-12 16:19:35","LUNAS");
INSERT INTO t_status_pkb VALUES("90","PKB_BR.080918.000028","2018-09-12 16:31:35","CETAK KWITANSI");
INSERT INTO t_status_pkb VALUES("91","PKB_BR.080918.000028","2018-09-12 16:37:13","LUNAS");
INSERT INTO t_status_pkb VALUES("92","PKB_BR.080918.000030","2018-09-12 16:43:54","CETAK KWITANSI");
INSERT INTO t_status_pkb VALUES("93","PKB_BR.080918.000030","2018-09-12 16:48:52","LUNAS");
INSERT INTO t_status_pkb VALUES("94","PKB_BR.130918.000029","2018-09-13 11:40:26","PROSES REPAIR");
INSERT INTO t_status_pkb VALUES("95","PKB_BR.130918.000030","2018-09-13 15:03:00","PROSES REPAIR");
INSERT INTO t_status_pkb VALUES("96","PKB_BR.130918.000031","2018-09-13 15:24:47","PROSES REPAIR");
INSERT INTO t_status_pkb VALUES("97","PKB_BR.140918.000032","2018-09-14 14:47:50","PROSES REPAIR");
INSERT INTO t_status_pkb VALUES("98","PKB_BR.140918.000033","2018-09-14 15:37:37","PROSES REPAIR");
INSERT INTO t_status_pkb VALUES("99","PKB_BR.140918.000034","2018-09-14 16:47:20","PROSES REPAIR");
INSERT INTO t_status_pkb VALUES("100","PKB_BR.140918.000035","2018-09-14 16:52:27","PROSES REPAIR");
INSERT INTO t_status_pkb VALUES("101","PKB_BR.140918.000036","2018-09-14 16:59:28","PROSES REPAIR");
INSERT INTO t_status_pkb VALUES("102","PKB_BR.300818.000018","2018-09-14 17:14:13","CETAK KWITANSI");
INSERT INTO t_status_pkb VALUES("103","PKB_BR.300818.000018","2018-09-14 17:17:57","LUNAS");
INSERT INTO t_status_pkb VALUES("104","PKB_BR.140918.000035","2018-09-15 11:47:30","CETAK KWITANSI");
INSERT INTO t_status_pkb VALUES("105","PKB_BR.140918.000035","2018-09-15 11:52:28","LUNAS");
INSERT INTO t_status_pkb VALUES("106","PKB_BR.140918.000036","2018-09-15 12:00:29","CETAK KWITANSI");
INSERT INTO t_status_pkb VALUES("107","PKB_BR.140918.000036","2018-09-15 12:05:39","LUNAS");
INSERT INTO t_status_pkb VALUES("108","PKB_BR.140918.000034","2018-09-15 12:23:55","CETAK KWITANSI");
INSERT INTO t_status_pkb VALUES("109","PKB_BR.140918.000034","2018-09-15 12:29:31","LUNAS");
INSERT INTO t_status_pkb VALUES("110","PKB_BR.130918.000029","2018-09-15 12:37:01","CETAK KWITANSI");
INSERT INTO t_status_pkb VALUES("111","PKB_BR.130918.000029","2018-09-15 12:42:42","LUNAS");
INSERT INTO t_status_pkb VALUES("112","PKB_BR.140918.000032","2018-09-15 12:51:34","CETAK KWITANSI");
INSERT INTO t_status_pkb VALUES("113","PKB_BR.140918.000032","2018-09-15 12:59:02","LUNAS");
INSERT INTO t_status_pkb VALUES("114","PKB_BR.170918.000033","2018-09-17 08:39:07","PROSES REPAIR");
INSERT INTO t_status_pkb VALUES("115","PKB_BR.170918.000034","2018-09-17 10:06:43","PROSES REPAIR");
INSERT INTO t_status_pkb VALUES("116","PKB_BR.170918.000034","2018-09-17 11:21:13","PROSES REPAIR");
INSERT INTO t_status_pkb VALUES("117","PKB_BR.170918.000034","2018-09-17 11:24:15","PROSES REPAIR");
INSERT INTO t_status_pkb VALUES("118","PKB_BR.170918.000034","2018-09-17 12:42:59","PROSES REPAIR");
INSERT INTO t_status_pkb VALUES("119","PKB_BR.180918.000034","2018-09-18 08:32:16","PROSES REPAIR");
INSERT INTO t_status_pkb VALUES("120","PKB_BR.190918.000035","2018-09-19 12:53:47","PROSES REPAIR");
INSERT INTO t_status_pkb VALUES("121","PKB_BR.190918.000036","2018-09-19 12:54:47","PROSES REPAIR");
INSERT INTO t_status_pkb VALUES("122","PKB_BR.080918.000029","2018-09-20 12:34:25","CETAK KWITANSI");
INSERT INTO t_status_pkb VALUES("123","PKB_BR.080918.000029","2018-09-20 12:38:42","LUNAS");
INSERT INTO t_status_pkb VALUES("124","PKB_BR.180918.000034","2018-09-20 12:55:57","CETAK KWITANSI");
INSERT INTO t_status_pkb VALUES("125","PKB_BR.180918.000034","2018-09-20 13:02:27","LUNAS");
INSERT INTO t_status_pkb VALUES("126","PKB_BR.190918.000035","2018-09-20 14:51:51","CETAK KWITANSI");
INSERT INTO t_status_pkb VALUES("127","PKB_BR.190918.000035","2018-09-20 14:58:46","LUNAS");
INSERT INTO t_status_pkb VALUES("128","PKB_BR.190918.000036","2018-09-20 15:08:25","CETAK KWITANSI");
INSERT INTO t_status_pkb VALUES("129","PKB_BR.190918.000036","2018-09-20 15:12:03","LUNAS");
INSERT INTO t_status_pkb VALUES("130","PKB_BR.200918.000037","2018-09-20 16:08:52","PROSES REPAIR");
INSERT INTO t_status_pkb VALUES("131","PKB_BR.200918.000037","2018-09-20 16:11:13","CETAK KWITANSI");
INSERT INTO t_status_pkb VALUES("132","PKB_BR.200918.000037","2018-09-20 16:12:49","LUNAS");
INSERT INTO t_status_pkb VALUES("133","PKB_BR.170918.000034","2018-09-20 16:28:07","CETAK KWITANSI");
INSERT INTO t_status_pkb VALUES("134","PKB_BR.210918.000035","2018-09-21 08:25:39","PROSES REPAIR");
INSERT INTO t_status_pkb VALUES("135","PKB_BR.170918.000034","2018-09-21 10:27:25","LUNAS");
INSERT INTO t_status_pkb VALUES("136","PKB_BR.210918.000035","2018-09-22 11:25:27","CETAK KWITANSI");
INSERT INTO t_status_pkb VALUES("137","PKB_BR.210918.000035","2018-09-22 11:28:51","LUNAS");
INSERT INTO t_status_pkb VALUES("138","PKB_BR.130918.000030","2018-09-22 11:34:38","CETAK KWITANSI");
INSERT INTO t_status_pkb VALUES("139","PKB_BR.130918.000030","2018-09-22 11:37:31","LUNAS");
INSERT INTO t_status_pkb VALUES("140","PKB_BR.240918.000031","2018-09-24 10:20:01","PROSES REPAIR");
INSERT INTO t_status_pkb VALUES("141","PKB_BR.240918.000032","2018-09-24 14:42:29","PROSES REPAIR");
INSERT INTO t_status_pkb VALUES("142","PKB_BR.240918.000033","2018-09-24 16:38:19","PROSES REPAIR");
INSERT INTO t_status_pkb VALUES("143","PKB_BR.080918.000025","2018-09-25 09:07:57","CETAK KWITANSI");
INSERT INTO t_status_pkb VALUES("144","PKB_BR.080918.000025","2018-09-25 09:13:37","LUNAS");
INSERT INTO t_status_pkb VALUES("145","PKB_BR.240918.000033","2018-09-25 09:45:43","CETAK KWITANSI");
INSERT INTO t_status_pkb VALUES("146","PKB_BR.240918.000033","2018-09-25 09:48:51","LUNAS");
INSERT INTO t_status_pkb VALUES("147","PKB_BR.240918.000032","2018-09-25 10:00:35","CETAK KWITANSI");
INSERT INTO t_status_pkb VALUES("148","PKB_BR.240918.000032","2018-09-25 10:03:10","LUNAS");
INSERT INTO t_status_pkb VALUES("149","PKB_BR.250918.000033","2018-09-25 14:14:01","PROSES REPAIR");
INSERT INTO t_status_pkb VALUES("150","PKB_BR.140918.000033","2018-09-25 16:01:56","CETAK KWITANSI");
INSERT INTO t_status_pkb VALUES("151","PKB_BR.140918.000033","2018-09-25 16:04:24","LUNAS");
INSERT INTO t_status_pkb VALUES("152","PKB_BR.130918.000031","2018-09-26 08:48:45","CETAK KWITANSI");
INSERT INTO t_status_pkb VALUES("153","PKB_BR.130918.000031","2018-09-26 08:57:16","LUNAS");
INSERT INTO t_status_pkb VALUES("154","PKB_BR.260918.000032","2018-09-26 13:31:42","PROSES REPAIR");
INSERT INTO t_status_pkb VALUES("155","PKB_BR.250918.000033","2018-09-26 14:44:41","CETAK KWITANSI");
INSERT INTO t_status_pkb VALUES("156","PKB_BR.250918.000033","2018-09-26 14:47:49","LUNAS");
INSERT INTO t_status_pkb VALUES("157","PKB_BR.240918.000031","2018-09-27 07:36:10","CETAK KWITANSI");
INSERT INTO t_status_pkb VALUES("158","PKB_BR.240918.000031","2018-09-27 07:39:15","LUNAS");
INSERT INTO t_status_pkb VALUES("159","PKB_BR.280918.000032","2018-09-28 13:11:41","PROSES REPAIR");
INSERT INTO t_status_pkb VALUES("160","PKB_BR.280918.000033","2018-09-28 13:22:28","PROSES REPAIR");
INSERT INTO t_status_pkb VALUES("161","PKB_BR.290918.000034","2018-09-29 10:41:58","PROSES REPAIR");
INSERT INTO t_status_pkb VALUES("162","PKB_BR.290918.000035","2018-09-29 12:42:10","PROSES REPAIR");
INSERT INTO t_status_pkb VALUES("163","PKB_BR.290918.000036","2018-09-29 12:42:32","PROSES REPAIR");
INSERT INTO t_status_pkb VALUES("164","PKB_BR.290918.000036","2018-09-29 12:52:43","CETAK KWITANSI");
INSERT INTO t_status_pkb VALUES("165","PKB_BR.290918.000036","2018-09-29 12:59:06","LUNAS");
INSERT INTO t_status_pkb VALUES("166","PKB_BR.290918.000035","2018-09-29 13:05:49","CETAK KWITANSI");
INSERT INTO t_status_pkb VALUES("167","PKB_BR.290918.000035","2018-09-29 13:09:23","LUNAS");
INSERT INTO t_status_pkb VALUES("168","PKB_BR.011018.000036","2018-10-01 13:45:42","PROSES REPAIR");
INSERT INTO t_status_pkb VALUES("169","PKB_BR.280918.000032","2018-10-01 15:56:39","CETAK KWITANSI");
INSERT INTO t_status_pkb VALUES("170","PKB_BR.280918.000032","2018-10-01 16:01:32","LUNAS");



DROP TABLE t_supplier;

CREATE TABLE `t_supplier` (
  `id_supplier` varchar(20) NOT NULL,
  `nama` varchar(100) NOT NULL,
  `alamat` varchar(200) NOT NULL,
  `no_telp` varchar(15) NOT NULL,
  `npwp` varchar(15) NOT NULL
) ENGINE=InnoDB DEFAULT CHARSET=latin1;

INSERT INTO t_supplier VALUES("DMS","PT. DWI MANDIRI SUKSES","JL. UTAN KAYU NO.111 RT 20/10 BANYUMANIK SEMARANG","021856332021","0");
INSERT INTO t_supplier VALUES("JSW","PT JEESWE MITRANIAGA","JL RAWA BUAYA RAYA NO 2 JAKARTA","0215417788","0");
INSERT INTO t_supplier VALUES("VBR","CV. VIBRANIUM","PUSPAWARNO TENGAH III NO. 008 RT 3 RW 2 SALAMAN MLOYO SEMARANG BARAT KOTA SEMARANG JAWA TENGAH","08112992279","843246547503000");
INSERT INTO t_supplier VALUES("NICHO","NICHO JAYA MOTOR","JAKARTA","081316330487","0");
INSERT INTO t_supplier VALUES("HOHO","SA GROUP","Semarang","081229713377","");
INSERT INTO t_supplier VALUES("BMAM","BANYUMAS MITRA ABADI MOTOR","JALAN PERINTIS KEMERDEKAAN PUDAK PAYUNG SEMARANG","082226176252","");
INSERT INTO t_supplier VALUES("AWL","ARIESTA WAROENG LAMPU","JL BARITO SELATAN BLOK H. NO.54 SEMARANG","08974131903","");
INSERT INTO t_supplier VALUES("DM","DAIHATSU MOTOR","SEMARANG","","");
INSERT INTO t_supplier VALUES("NASMOCOGOMBEL","NASMOCO GOMBEL","GOMBEL","","");
INSERT INTO t_supplier VALUES("BERDIKARIAC","BERDIKARI AC","BANYUMANIK SEMARANG","08122545917","");
INSERT INTO t_supplier VALUES("SUNSTARMOTORBANYUMAN","SUN STAR MOTOR","JL PERINTIS KEMERDEKAAN NO.16 BANYUMANIK","0247464567","");



DROP TABLE t_tipe_kendaraan;

CREATE TABLE `t_tipe_kendaraan` (
  `id_tipe_kendaraan` varchar(20) NOT NULL,
  `nama` varchar(50) NOT NULL,
  `fk_group_kendaraan` varchar(50) NOT NULL,
  PRIMARY KEY (`id_tipe_kendaraan`)
) ENGINE=InnoDB DEFAULT CHARSET=latin1;

INSERT INTO t_tipe_kendaraan VALUES("ACCORD","HONDA ACCORD","HND");
INSERT INTO t_tipe_kendaraan VALUES("AGYA","TOYOTA AGYA","TYO");
INSERT INTO t_tipe_kendaraan VALUES("ALPHARD","TOYOTA ALPHARD","TYO");
INSERT INTO t_tipe_kendaraan VALUES("AVANZA","TOYOTA AVANZA","TYO");
INSERT INTO t_tipe_kendaraan VALUES("AYLA","DAIHATSU AYLA","DHST");
INSERT INTO t_tipe_kendaraan VALUES("BALENO","SUZUKI BALENO","SZU");
INSERT INTO t_tipe_kendaraan VALUES("BRIO","HONDA BRIO","HND");
INSERT INTO t_tipe_kendaraan VALUES("CALYA","TOYOTA CALYA","TYO");
INSERT INTO t_tipe_kendaraan VALUES("CAMRY","TOYOTA CAMRY","TYO");
INSERT INTO t_tipe_kendaraan VALUES("CARRY","CARRY SUZUKI","SZU");
INSERT INTO t_tipe_kendaraan VALUES("CITY","HONDA CITY","HND");
INSERT INTO t_tipe_kendaraan VALUES("CIVIC","HONDA CIVIC","HND");
INSERT INTO t_tipe_kendaraan VALUES("CIVICFD","HONDA CIVIC FD","HND");
INSERT INTO t_tipe_kendaraan VALUES("CRV","HONDA CRV","HND");
INSERT INTO t_tipe_kendaraan VALUES("DELICA","MITSUBISHI DELICA","MTSH");
INSERT INTO t_tipe_kendaraan VALUES("ERTIGA","SUZUKI ERTIGA","SZU");
INSERT INTO t_tipe_kendaraan VALUES("FORTUNER","TOYOTA FORTUNER","TYO");
INSERT INTO t_tipe_kendaraan VALUES("FREED","HONDA FREED","HND");
INSERT INTO t_tipe_kendaraan VALUES("GRANDLIVINA","NISSAN GRAND LIVINA","NSS");
INSERT INTO t_tipe_kendaraan VALUES("GRANDMAX","DAIHATSU GRANDMAX","DHST");
INSERT INTO t_tipe_kendaraan VALUES("HRV","HONDA HRV","HND");
INSERT INTO t_tipe_kendaraan VALUES("I20","HYUNDAI I20","HYU");
INSERT INTO t_tipe_kendaraan VALUES("INNOVA","TOYOTA INNOVA","TYO");
INSERT INTO t_tipe_kendaraan VALUES("JAZZ","HONDA JAZZ","HND");
INSERT INTO t_tipe_kendaraan VALUES("LANCER","MITSUBISHI LANCER","MTSH");
INSERT INTO t_tipe_kendaraan VALUES("LS","LEXUS","TYO");
INSERT INTO t_tipe_kendaraan VALUES("LUXIO","DAIHATSU LUXIO","DHST");
INSERT INTO t_tipe_kendaraan VALUES("MARCH","NISSAN MARCH","NSS");
INSERT INTO t_tipe_kendaraan VALUES("MIRAGE","MITSUBISHI MIRAGE","MTSH");
INSERT INTO t_tipe_kendaraan VALUES("MOBILIO","HONDA MOBILIO","HND");
INSERT INTO t_tipe_kendaraan VALUES("NEWCOROLLAALTIS","NEW COROLLA ALTIS","TYO");
INSERT INTO t_tipe_kendaraan VALUES("NEWVIOS","NEW VIOS","TYO");
INSERT INTO t_tipe_kendaraan VALUES("ODSY","HONDA ODYSSEY","HND");
INSERT INTO t_tipe_kendaraan VALUES("PAJERO","MITSUBISHI PAJERO","MTSH");
INSERT INTO t_tipe_kendaraan VALUES("RUSH","TOYOTA RUSH","TYO");
INSERT INTO t_tipe_kendaraan VALUES("SIENTA","TOYOTA SIENTA","TYO");
INSERT INTO t_tipe_kendaraan VALUES("SIGRA","DAIHATSU SIGRA","DHST");
INSERT INTO t_tipe_kendaraan VALUES("SUZUKIPICKUP","SUZUKI PICK UP GC 415 T","SZU");
INSERT INTO t_tipe_kendaraan VALUES("SWIFT","SUZUKI SWIFT","SZU");
INSERT INTO t_tipe_kendaraan VALUES("TERIOS","DAIHATSU TERIOS","DHST");
INSERT INTO t_tipe_kendaraan VALUES("XENIA","DAIHATSU XENIA","DHST");
INSERT INTO t_tipe_kendaraan VALUES("XPANDER","MITSUBISHI XPANDER","MTSH");



DROP TABLE t_user;

CREATE TABLE `t_user` (
  `id` int(2) NOT NULL AUTO_INCREMENT,
  `username` varchar(30) NOT NULL,
  `password` varchar(40) NOT NULL DEFAULT '',
  `nama` varchar(50) NOT NULL,
  `nip` varchar(30) DEFAULT NULL,
  `level` varchar(10) NOT NULL,
  PRIMARY KEY (`id`)
) ENGINE=InnoDB AUTO_INCREMENT=2 DEFAULT CHARSET=latin1;

INSERT INTO t_user VALUES("1","admin","21232f297a57a5a743894a0e4a801fc3","danang","111","Admin");



DROP TABLE t_warna_kendaraan;

CREATE TABLE `t_warna_kendaraan` (
  `id_warna_kendaraan` varchar(20) NOT NULL,
  `nama` varchar(50) NOT NULL,
  PRIMARY KEY (`id_warna_kendaraan`)
) ENGINE=InnoDB DEFAULT CHARSET=latin1;

INSERT INTO t_warna_kendaraan VALUES("AA","ABU-ABU");
INSERT INTO t_warna_kendaraan VALUES("AAM","ABU-ABU MUDA");
INSERT INTO t_warna_kendaraan VALUES("BLACK","BLACK METALIC");
INSERT INTO t_warna_kendaraan VALUES("BLCK","BLACK");
INSERT INTO t_warna_kendaraan VALUES("BLUE","BLUE");
INSERT INTO t_warna_kendaraan VALUES("BROWN","BROWN");
INSERT INTO t_warna_kendaraan VALUES("GREEN","GREEN");
INSERT INTO t_warna_kendaraan VALUES("ORANGE","ORANGE PHOENIX");
INSERT INTO t_warna_kendaraan VALUES("RD","RED");
INSERT INTO t_warna_kendaraan VALUES("RED","RALLYE RED");
INSERT INTO t_warna_kendaraan VALUES("SILVER","SILVER METALIK");
INSERT INTO t_warna_kendaraan VALUES("WHITE","WHITE");



